id,field_id,sequence,create_uid,write_uid,value,name,create_date,write_date
1,7,0,,,manual,"{""en_US"": ""Custom Object""}",,
2,7,1,,,base,"{""en_US"": ""Base Object""}",,
3,29,0,,,binary,"{""en_US"": ""binary""}",,
4,29,1,,,boolean,"{""en_US"": ""boolean""}",,
5,29,2,,,char,"{""en_US"": ""char""}",,
6,29,3,,,date,"{""en_US"": ""date""}",,
7,29,4,,,datetime,"{""en_US"": ""datetime""}",,
8,29,5,,,float,"{""en_US"": ""float""}",,
9,29,6,,,html,"{""en_US"": ""html""}",,
10,29,7,,,integer,"{""en_US"": ""integer""}",,
11,29,8,,,json,"{""en_US"": ""json""}",,
12,29,9,,,many2many,"{""en_US"": ""many2many""}",,
13,29,10,,,many2one,"{""en_US"": ""many2one""}",,
14,29,11,,,many2one_reference,"{""en_US"": ""many2one_reference""}",,
15,29,12,,,monetary,"{""en_US"": ""monetary""}",,
16,29,13,,,one2many,"{""en_US"": ""one2many""}",,
17,29,14,,,properties,"{""en_US"": ""properties""}",,
18,29,15,,,properties_definition,"{""en_US"": ""properties_definition""}",,
19,29,16,,,reference,"{""en_US"": ""reference""}",,
20,29,17,,,selection,"{""en_US"": ""selection""}",,
21,29,18,,,text,"{""en_US"": ""text""}",,
22,40,0,,,manual,"{""en_US"": ""Custom Field""}",,
23,40,1,,,base,"{""en_US"": ""Base Field""}",,
24,41,0,,,cascade,"{""en_US"": ""Cascade""}",,
25,41,1,,,set null,"{""en_US"": ""Set NULL""}",,
26,41,2,,,restrict,"{""en_US"": ""Restrict""}",,
27,141,0,,,standard,"{""en_US"": ""Standard""}",,
28,141,1,,,no_gap,"{""en_US"": ""No gap""}",,
29,178,0,,,ir.actions.report,"{""en_US"": ""ir.actions.report""}",,
30,178,1,,,ir.actions.act_window,"{""en_US"": ""ir.actions.act_window""}",,
31,178,2,,,ir.actions.act_url,"{""en_US"": ""ir.actions.act_url""}",,
32,178,3,,,ir.actions.server,"{""en_US"": ""ir.actions.server""}",,
33,178,4,,,ir.actions.client,"{""en_US"": ""ir.actions.client""}",,
34,199,0,,,tree,"{""en_US"": ""Tree""}",,
35,199,1,,,form,"{""en_US"": ""Form""}",,
36,199,2,,,graph,"{""en_US"": ""Graph""}",,
37,199,3,,,pivot,"{""en_US"": ""Pivot""}",,
38,199,4,,,calendar,"{""en_US"": ""Calendar""}",,
39,199,5,,,gantt,"{""en_US"": ""Gantt""}",,
40,199,6,,,kanban,"{""en_US"": ""Kanban""}",,
41,199,7,,,search,"{""en_US"": ""Search""}",,
42,199,8,,,qweb,"{""en_US"": ""QWeb""}",,
43,211,0,,,primary,"{""en_US"": ""Base view""}",,
44,211,1,,,extension,"{""en_US"": ""Extension View""}",,
45,224,0,,,soft,"{""en_US"": ""Restore previous version (soft reset).""}",,
46,224,1,,,hard,"{""en_US"": ""Reset to file version (hard reset).""}",,
47,224,2,,,other_view,"{""en_US"": ""Reset to another view.""}",,
48,235,0,,,append,"{""en_US"": ""Append""}",,
49,235,1,,,prepend,"{""en_US"": ""Prepend""}",,
50,235,2,,,after,"{""en_US"": ""After""}",,
51,235,3,,,before,"{""en_US"": ""Before""}",,
52,235,4,,,remove,"{""en_US"": ""Remove""}",,
53,235,5,,,replace,"{""en_US"": ""Replace""}",,
54,235,6,,,include,"{""en_US"": ""Include""}",,
55,251,0,,,action,"{""en_US"": ""Action""}",,
56,251,1,,,report,"{""en_US"": ""Report""}",,
57,264,0,,,action,"{""en_US"": ""Action""}",,
58,264,1,,,report,"{""en_US"": ""Report""}",,
59,277,0,,,current,"{""en_US"": ""Current Window""}",,
60,277,1,,,new,"{""en_US"": ""New Window""}",,
61,277,2,,,inline,"{""en_US"": ""Inline Edit""}",,
62,277,3,,,fullscreen,"{""en_US"": ""Full Screen""}",,
63,277,4,,,main,"{""en_US"": ""Main action of Current Window""}",,
64,289,0,,,tree,"{""en_US"": ""Tree""}",,
65,289,1,,,form,"{""en_US"": ""Form""}",,
66,289,2,,,graph,"{""en_US"": ""Graph""}",,
67,289,3,,,pivot,"{""en_US"": ""Pivot""}",,
68,289,4,,,calendar,"{""en_US"": ""Calendar""}",,
69,289,5,,,gantt,"{""en_US"": ""Gantt""}",,
70,289,6,,,kanban,"{""en_US"": ""Kanban""}",,
71,303,0,,,action,"{""en_US"": ""Action""}",,
72,303,1,,,report,"{""en_US"": ""Report""}",,
73,316,0,,,action,"{""en_US"": ""Action""}",,
74,316,1,,,report,"{""en_US"": ""Report""}",,
75,325,0,,,new,"{""en_US"": ""New Window""}",,
76,325,1,,,self,"{""en_US"": ""This Window""}",,
77,325,2,,,download,"{""en_US"": ""Download""}",,
78,331,0,,,action,"{""en_US"": ""Action""}",,
79,331,1,,,report,"{""en_US"": ""Report""}",,
80,339,0,,,ir_actions_server,"{""en_US"": ""Server Action""}",,
81,339,1,,,ir_cron,"{""en_US"": ""Scheduled Action""}",,
82,340,0,,,object_write,"{""en_US"": ""Update Record""}",,
87,355,0,,,add,"{""en_US"": ""Adding""}",,
88,355,1,,,remove,"{""en_US"": ""Removing""}",,
89,355,2,,,set,"{""en_US"": ""Setting it to""}",,
90,355,3,,,clear,"{""en_US"": ""Clearing it""}",,
91,356,0,,,true,"{""en_US"": ""Yes (True)""}",,
92,356,1,,,false,"{""en_US"": ""No (False)""}",,
93,358,0,,,value,"{""en_US"": ""Update""}",,
94,358,1,,,equation,"{""en_US"": ""Compute""}",,
95,361,0,,,value,"{""en_US"": ""value""}",,
96,361,1,,,resource_ref,"{""en_US"": ""reference""}",,
97,361,2,,,update_boolean_value,"{""en_US"": ""update_boolean_value""}",,
98,361,3,,,selection_value,"{""en_US"": ""selection_value""}",,
99,367,0,,,open,"{""en_US"": ""To Do""}",,
100,367,1,,,done,"{""en_US"": ""Done""}",,
101,380,0,,,action,"{""en_US"": ""Action""}",,
102,380,1,,,report,"{""en_US"": ""Report""}",,
103,389,0,,,current,"{""en_US"": ""Current Window""}",,
104,389,1,,,new,"{""en_US"": ""New Window""}",,
105,389,2,,,fullscreen,"{""en_US"": ""Full Screen""}",,
106,389,3,,,main,"{""en_US"": ""Main action of Current Window""}",,
107,399,0,,,action,"{""en_US"": ""Action""}",,
108,399,1,,,report,"{""en_US"": ""Report""}",,
109,409,0,,,qweb-html,"{""en_US"": ""HTML""}",,
110,409,1,,,qweb-pdf,"{""en_US"": ""PDF""}",,
111,409,2,,,qweb-text,"{""en_US"": ""Text""}",,
112,425,0,,,url,"{""en_US"": ""URL""}",,
113,425,1,,,binary,"{""en_US"": ""File""}",,
114,448,0,,,minutes,"{""en_US"": ""Minutes""}",,
115,448,1,,,hours,"{""en_US"": ""Hours""}",,
116,448,2,,,days,"{""en_US"": ""Days""}",,
117,448,3,,,weeks,"{""en_US"": ""Weeks""}",,
118,448,4,,,months,"{""en_US"": ""Months""}",,
119,572,0,,,login,"{""en_US"": ""Username""}",,
120,572,1,,,certificate,"{""en_US"": ""SSL Certificate""}",,
121,572,2,,,cli,"{""en_US"": ""Command Line Interface""}",,
122,576,0,,,none,"{""en_US"": ""None""}",,
123,576,1,,,starttls,"{""en_US"": ""TLS (STARTTLS)""}",,
124,576,2,,,ssl,"{""en_US"": ""SSL/TLS""}",,
125,593,0,,,client,"{""en_US"": ""Client""}",,
126,593,1,,,server,"{""en_US"": ""Server""}",,
127,612,0,,,char,"{""en_US"": ""Char""}",,
128,612,1,,,float,"{""en_US"": ""Float""}",,
129,612,2,,,boolean,"{""en_US"": ""Boolean""}",,
130,612,3,,,integer,"{""en_US"": ""Integer""}",,
131,612,4,,,text,"{""en_US"": ""Text""}",,
132,612,5,,,binary,"{""en_US"": ""Binary""}",,
133,612,6,,,many2one,"{""en_US"": ""Many2One""}",,
134,612,7,,,date,"{""en_US"": ""Date""}",,
135,612,8,,,datetime,"{""en_US"": ""DateTime""}",,
136,612,9,,,selection,"{""en_US"": ""Selection""}",,
137,612,10,,,html,"{""en_US"": ""Html""}",,
138,652,0,,,uninstallable,"{""en_US"": ""Uninstallable""}",,
139,652,1,,,uninstalled,"{""en_US"": ""Not Installed""}",,
140,652,2,,,installed,"{""en_US"": ""Installed""}",,
141,652,3,,,to upgrade,"{""en_US"": ""To be upgraded""}",,
142,652,4,,,to remove,"{""en_US"": ""To be removed""}",,
143,652,5,,,to install,"{""en_US"": ""To be installed""}",,
144,654,0,,,GPL-2,"{""en_US"": ""GPL Version 2""}",,
145,654,1,,,GPL-2 or any later version,"{""en_US"": ""GPL-2 or later version""}",,
146,654,2,,,GPL-3,"{""en_US"": ""GPL Version 3""}",,
147,654,3,,,GPL-3 or any later version,"{""en_US"": ""GPL-3 or later version""}",,
148,654,4,,,AGPL-3,"{""en_US"": ""Affero GPL-3""}",,
149,654,5,,,LGPL-3,"{""en_US"": ""LGPL Version 3""}",,
150,654,6,,,Other OSI approved licence,"{""en_US"": ""Other OSI Approved License""}",,
151,654,7,,,OEEL-1,"{""en_US"": ""Odoo Enterprise Edition License v1.0""}",,
152,654,8,,,OPL-1,"{""en_US"": ""Odoo Proprietary License v1.0""}",,
153,654,9,,,Other proprietary,"{""en_US"": ""Other Proprietary""}",,
154,673,0,,,uninstallable,"{""en_US"": ""Uninstallable""}",,
155,673,1,,,uninstalled,"{""en_US"": ""Not Installed""}",,
156,673,2,,,installed,"{""en_US"": ""Installed""}",,
157,673,3,,,to upgrade,"{""en_US"": ""To be upgraded""}",,
158,673,4,,,to remove,"{""en_US"": ""To be removed""}",,
159,673,5,,,to install,"{""en_US"": ""To be installed""}",,
160,673,6,,,unknown,"{""en_US"": ""Unknown""}",,
161,680,0,,,uninstallable,"{""en_US"": ""Uninstallable""}",,
162,680,1,,,uninstalled,"{""en_US"": ""Not Installed""}",,
163,680,2,,,installed,"{""en_US"": ""Installed""}",,
164,680,3,,,to upgrade,"{""en_US"": ""To be upgraded""}",,
165,680,4,,,to remove,"{""en_US"": ""To be removed""}",,
166,680,5,,,to install,"{""en_US"": ""To be installed""}",,
167,680,6,,,unknown,"{""en_US"": ""Unknown""}",,
168,723,0,,,A0,"{""en_US"": ""A0  5   841 x 1189 mm""}",,
169,723,1,,,A1,"{""en_US"": ""A1  6   594 x 841 mm""}",,
170,723,2,,,A2,"{""en_US"": ""A2  7   420 x 594 mm""}",,
171,723,3,,,A3,"{""en_US"": ""A3  8   297 x 420 mm""}",,
172,723,4,,,A4,"{""en_US"": ""A4  0   210 x 297 mm, 8.26 x 11.69 inches""}",,
173,723,5,,,A5,"{""en_US"": ""A5  9   148 x 210 mm""}",,
174,723,6,,,A6,"{""en_US"": ""A6  10  105 x 148 mm""}",,
175,723,7,,,A7,"{""en_US"": ""A7  11  74 x 105 mm""}",,
176,723,8,,,A8,"{""en_US"": ""A8  12  52 x 74 mm""}",,
177,723,9,,,A9,"{""en_US"": ""A9  13  37 x 52 mm""}",,
178,723,10,,,B0,"{""en_US"": ""B0  14  1000 x 1414 mm""}",,
179,723,11,,,B1,"{""en_US"": ""B1  15  707 x 1000 mm""}",,
180,723,12,,,B2,"{""en_US"": ""B2  17  500 x 707 mm""}",,
181,723,13,,,B3,"{""en_US"": ""B3  18  353 x 500 mm""}",,
182,723,14,,,B4,"{""en_US"": ""B4  19  250 x 353 mm""}",,
183,723,15,,,B5,"{""en_US"": ""B5  1   176 x 250 mm, 6.93 x 9.84 inches""}",,
184,723,16,,,B6,"{""en_US"": ""B6  20  125 x 176 mm""}",,
185,723,17,,,B7,"{""en_US"": ""B7  21  88 x 125 mm""}",,
186,723,18,,,B8,"{""en_US"": ""B8  22  62 x 88 mm""}",,
187,723,19,,,B9,"{""en_US"": ""B9  23  33 x 62 mm""}",,
188,723,20,,,B10,"{""en_US"": ""B10    16  31 x 44 mm""}",,
189,723,21,,,C5E,"{""en_US"": ""C5E 24  163 x 229 mm""}",,
190,723,22,,,Comm10E,"{""en_US"": ""Comm10E 25  105 x 241 mm, U.S. Common 10 Envelope""}",,
191,723,23,,,DLE,"{""en_US"": ""DLE 26 110 x 220 mm""}",,
192,723,24,,,Executive,"{""en_US"": ""Executive 4   7.5 x 10 inches, 190.5 x 254 mm""}",,
193,723,25,,,Folio,"{""en_US"": ""Folio 27  210 x 330 mm""}",,
194,723,26,,,Ledger,"{""en_US"": ""Ledger  28  431.8 x 279.4 mm""}",,
195,723,27,,,Legal,"{""en_US"": ""Legal    3   8.5 x 14 inches, 215.9 x 355.6 mm""}",,
196,723,28,,,Letter,"{""en_US"": ""Letter 2 8.5 x 11 inches, 215.9 x 279.4 mm""}",,
197,723,29,,,Tabloid,"{""en_US"": ""Tabloid 29 279.4 x 431.8 mm""}",,
198,723,30,,,custom,"{""en_US"": ""Custom""}",,
199,730,0,,,Landscape,"{""en_US"": ""Landscape""}",,
200,730,1,,,Portrait,"{""en_US"": ""Portrait""}",,
201,759,0,,,minutes_5,"{""en_US"": ""5 Minutes""}",,
202,759,1,,,hours_1,"{""en_US"": ""1 Hour""}",,
203,759,2,,,days_1,"{""en_US"": ""1 Day""}",,
204,759,3,,,months_1,"{""en_US"": ""1 Month""}",,
205,791,0,,,before,"{""en_US"": ""Before Address""}",,
206,791,1,,,after,"{""en_US"": ""After Address""}",,
207,823,0,,,ltr,"{""en_US"": ""Left-to-Right""}",,
208,823,1,,,rtl,"{""en_US"": ""Right-to-Left""}",,
209,826,0,,,1,"{""en_US"": ""Monday""}",,
210,826,1,,,2,"{""en_US"": ""Tuesday""}",,
211,826,2,,,3,"{""en_US"": ""Wednesday""}",,
212,826,3,,,4,"{""en_US"": ""Thursday""}",,
213,826,4,,,5,"{""en_US"": ""Friday""}",,
214,826,5,,,6,"{""en_US"": ""Saturday""}",,
215,826,6,,,7,"{""en_US"": ""Sunday""}",,
216,893,0,,,contact,"{""en_US"": ""Contact""}",,
217,893,1,,,invoice,"{""en_US"": ""Invoice Address""}",,
218,893,2,,,delivery,"{""en_US"": ""Delivery Address""}",,
219,893,3,,,other,"{""en_US"": ""Other Address""}",,
220,910,0,,,person,"{""en_US"": ""Individual""}",,
221,910,1,,,company,"{""en_US"": ""Company""}",,
222,1000,0,,,after,"{""en_US"": ""After Amount""}",,
223,1000,1,,,before,"{""en_US"": ""Before Amount""}",,
224,1057,0,,,Lato,"{""en_US"": ""Lato""}",,
225,1057,1,,,Roboto,"{""en_US"": ""Roboto""}",,
226,1057,2,,,Open_Sans,"{""en_US"": ""Open Sans""}",,
227,1057,3,,,Montserrat,"{""en_US"": ""Montserrat""}",,
228,1057,4,,,Oswald,"{""en_US"": ""Oswald""}",,
229,1057,5,,,Raleway,"{""en_US"": ""Raleway""}",,
230,1057,6,,,Tajawal,"{""en_US"": ""Tajawal""}",,
231,1061,0,,,Blank,"{""en_US"": ""Blank""}",,
232,1061,1,,,Geometric,"{""en_US"": ""Geometric""}",,
233,1061,2,,,Custom,"{""en_US"": ""Custom""}",,
234,1239,0,,,todo,"{""en_US"": ""To Do""}",,
235,1239,1,,,done,"{""en_US"": ""Done""}",,
236,1239,2,,,fail,"{""en_US"": ""Failed""}",,
237,1256,0,,,init,"{""en_US"": ""init""}",,
238,1256,1,,,done,"{""en_US"": ""done""}",,
239,1302,0,,,csv,"{""en_US"": ""CSV File""}",,
240,1302,1,,,po,"{""en_US"": ""PO File""}",,
241,1302,2,,,tgz,"{""en_US"": ""TGZ Archive""}",,
242,1303,0,,,module,"{""en_US"": ""Module""}",,
243,1303,1,,,model,"{""en_US"": ""Model""}",,
244,1309,0,,,choose,"{""en_US"": ""choose""}",,
245,1309,1,,,get,"{""en_US"": ""get""}",,
246,1330,0,,,option,"{""en_US"": ""Option""}",,
247,1330,1,,,selection,"{""en_US"": ""Selection""}",,
248,1330,2,,,finished,"{""en_US"": ""Finished""}",,
249,1418,0,,,init,"{""en_US"": ""init""}",,
250,1418,1,,,done,"{""en_US"": ""done""}",,
251,1430,0,,,official,"{""en_US"": ""Official Apps""}",,
252,1430,1,,,industries,"{""en_US"": ""Industries""}",,
253,1470,0,,,online,"{""en_US"": ""Online""}",,
254,1470,1,,,away,"{""en_US"": ""Away""}",,
255,1470,2,,,offline,"{""en_US"": ""Offline""}",,
256,1528,0,,,A,"{""en_US"": ""Qu'il n'est pas arrivé à Toronto""}",,
257,1528,1,,,B,"{""en_US"": ""Qu'il était supposé arriver à Toronto""}",,
258,1528,2,,,C,"{""en_US"": ""Qu'est-ce qu'il fout ce maudit pancake, tabernacle ?""}",,
259,1528,3,,,D,"{""en_US"": ""La réponse D""}",,
260,1575,0,,,0,"{""en_US"": ""Monday""}",,
261,1575,1,,,1,"{""en_US"": ""Tuesday""}",,
262,1575,2,,,2,"{""en_US"": ""Wednesday""}",,
263,1575,3,,,3,"{""en_US"": ""Thursday""}",,
264,1575,4,,,4,"{""en_US"": ""Friday""}",,
265,1575,5,,,5,"{""en_US"": ""Saturday""}",,
266,1575,6,,,6,"{""en_US"": ""Sunday""}",,
267,1583,0,,,morning,"{""en_US"": ""Morning""}",,
268,1583,1,,,lunch,"{""en_US"": ""Break""}",,
269,1583,2,,,afternoon,"{""en_US"": ""Afternoon""}",,
270,1585,0,,,1,"{""en_US"": ""Second""}",,
271,1585,1,,,0,"{""en_US"": ""First""}",,
272,1587,0,,,line_section,"{""en_US"": ""Section""}",,
273,1601,0,,,leave,"{""en_US"": ""Time Off""}",,
274,1601,1,,,other,"{""en_US"": ""Other""}",,
275,1615,0,,,user,"{""en_US"": ""Human""}",,
276,1615,1,,,material,"{""en_US"": ""Material""}",,
277,289,7,,,hierarchy,"{""en_US"": ""Hierarchy""}",,
278,199,9,,,hierarchy,"{""en_US"": ""Hierarchy""}",,
279,1689,0,,,everyone,"{""en_US"": ""Everyone""}",,
280,1689,1,,,partners,"{""en_US"": ""Authenticated Partners""}",,
281,1689,2,,,followers,"{""en_US"": ""Followers only""}",,
282,1692,0,,,not_tested,"{""en_US"": ""Not Tested""}",,
283,1692,1,,,valid,"{""en_US"": ""Valid""}",,
284,1692,2,,,invalid,"{""en_US"": ""Invalid""}",,
285,1714,0,,,overdue,"{""en_US"": ""Overdue""}",,
286,1714,1,,,today,"{""en_US"": ""Today""}",,
287,1714,2,,,planned,"{""en_US"": ""Planned""}",,
288,1721,0,,,warning,"{""en_US"": ""Alert""}",,
289,1721,1,,,danger,"{""en_US"": ""Error""}",,
290,1794,0,,,draft,"{""en_US"": ""Not Confirmed""}",,
291,1794,1,,,done,"{""en_US"": ""Confirmed""}",,
292,1797,0,,,imap,"{""en_US"": ""IMAP Server""}",,
293,1797,1,,,pop,"{""en_US"": ""POP Server""}",,
294,1797,2,,,local,"{""en_US"": ""Local Server""}",,
295,1820,0,,,inbox,"{""en_US"": ""Inbox""}",,
296,1820,1,,,email,"{""en_US"": ""Email""}",,
297,1821,0,,,ready,"{""en_US"": ""Ready to Send""}",,
298,1821,1,,,process,"{""en_US"": ""Processing""}",,
299,1821,2,,,pending,"{""en_US"": ""Sent""}",,
300,1821,3,,,sent,"{""en_US"": ""Delivered""}",,
301,1821,4,,,bounce,"{""en_US"": ""Bounced""}",,
302,1821,5,,,exception,"{""en_US"": ""Exception""}",,
303,1821,6,,,canceled,"{""en_US"": ""Canceled""}",,
304,1824,0,,,unknown,"{""en_US"": ""Unknown error""}",,
305,1824,1,,,mail_bounce,"{""en_US"": ""Bounce""}",,
306,1824,2,,,mail_email_invalid,"{""en_US"": ""Invalid email address""}",,
307,1824,3,,,mail_email_missing,"{""en_US"": ""Missing email address""}",,
308,1824,4,,,mail_from_invalid,"{""en_US"": ""Invalid from address""}",,
309,1824,5,,,mail_from_missing,"{""en_US"": ""Missing from address""}",,
310,1824,6,,,mail_smtp,"{""en_US"": ""Connection failed (outgoing mail server problem)""}",,
311,1834,0,,,days,"{""en_US"": ""days""}",,
312,1834,1,,,weeks,"{""en_US"": ""weeks""}",,
313,1834,2,,,months,"{""en_US"": ""months""}",,
314,1836,0,,,current_date,"{""en_US"": ""after completion date""}",,
315,1836,1,,,previous_activity,"{""en_US"": ""after previous activity deadline""}",,
316,1838,0,,,warning,"{""en_US"": ""Alert""}",,
317,1838,1,,,danger,"{""en_US"": ""Error""}",,
318,1841,0,,,suggest,"{""en_US"": ""Suggest Next Activity""}",,
319,1841,1,,,trigger,"{""en_US"": ""Trigger Next Activity""}",,
320,1844,0,,,default,"{""en_US"": ""None""}",,
321,1844,1,,,upload_file,"{""en_US"": ""Upload Document""}",,
322,1844,2,,,phonecall,"{""en_US"": ""Phonecall""}",,
323,1872,0,,,overdue,"{""en_US"": ""Overdue""}",,
324,1872,1,,,today,"{""en_US"": ""Today""}",,
325,1872,2,,,planned,"{""en_US"": ""Planned""}",,
326,1872,3,,,done,"{""en_US"": ""Done""}",,
327,1907,0,,,on_demand,"{""en_US"": ""Ask at launch""}",,
328,1907,1,,,other,"{""en_US"": ""Default user""}",,
329,2022,0,,,email,"{""en_US"": ""Incoming Email""}",,
330,2022,1,,,comment,"{""en_US"": ""Comment""}",,
331,2022,2,,,email_outgoing,"{""en_US"": ""Outgoing Email""}",,
332,2022,3,,,notification,"{""en_US"": ""System notification""}",,
333,2022,4,,,auto_comment,"{""en_US"": ""Automated Targeted Notification""}",,
334,2022,5,,,user_notification,"{""en_US"": ""User Specific Notification""}",,
335,2066,0,,,outgoing,"{""en_US"": ""Outgoing""}",,
336,2066,1,,,sent,"{""en_US"": ""Sent""}",,
337,2066,2,,,received,"{""en_US"": ""Received""}",,
338,2066,3,,,exception,"{""en_US"": ""Delivery Failed""}",,
339,2066,4,,,cancel,"{""en_US"": ""Cancelled""}",,
340,2067,0,,,unknown,"{""en_US"": ""Unknown error""}",,
341,2067,1,,,mail_email_invalid,"{""en_US"": ""Invalid email address""}",,
342,2067,2,,,mail_email_missing,"{""en_US"": ""Missing email""}",,
343,2067,3,,,mail_from_invalid,"{""en_US"": ""Invalid from address""}",,
344,2067,4,,,mail_from_missing,"{""en_US"": ""Missing from address""}",,
345,2067,5,,,mail_smtp,"{""en_US"": ""Connection failed (outgoing mail server problem)""}",,
346,2067,6,,,mail_bl,"{""en_US"": ""Blacklisted Address""}",,
347,2067,7,,,mail_optout,"{""en_US"": ""Opted Out""}",,
348,2067,8,,,mail_dup,"{""en_US"": ""Duplicated Email""}",,
349,2144,0,,,base_template,"{""en_US"": ""Base Template""}",,
350,2144,1,,,hidden_template,"{""en_US"": ""Hidden Template""}",,
351,2144,2,,,custom_template,"{""en_US"": ""Custom Template""}",,
352,2171,0,,,stun,"{""en_US"": ""stun:""}",,
353,2171,1,,,turn,"{""en_US"": ""turn:""}",,
354,289,8,,,activity,"{""en_US"": ""Activity""}",,
355,340,1,,,next_activity,"{""en_US"": ""Create Activity""}",,
356,340,2,,,mail_post,"{""en_US"": ""Send Email""}",,
363,2211,0,,,email,"{""en_US"": ""Email""}",,
364,2211,1,,,comment,"{""en_US"": ""Message""}",,
365,2211,2,,,note,"{""en_US"": ""Note""}",,
366,2216,0,,,days,"{""en_US"": ""Days""}",,
367,2216,1,,,weeks,"{""en_US"": ""Weeks""}",,
368,2216,2,,,months,"{""en_US"": ""Months""}",,
369,2217,0,,,specific,"{""en_US"": ""Specific User""}",,
370,2217,1,,,generic,"{""en_US"": ""Dynamic User (based on record)""}",,
371,199,10,,,activity,"{""en_US"": ""Activity""}",,
372,2250,0,,,high,"{""en_US"": ""High""}",,
373,2250,1,,,medium,"{""en_US"": ""Medium""}",,
374,2250,2,,,low,"{""en_US"": ""Low""}",,
375,2250,3,,,off,"{""en_US"": ""Off""}",,
376,2253,0,,,email,"{""en_US"": ""Handle by Emails""}",,
377,2253,1,,,inbox,"{""en_US"": ""Handle in Odoo""}",,
378,2306,0,,,open,"{""en_US"": ""Open""}",,
379,2306,1,,,folded,"{""en_US"": ""Folded""}",,
380,2306,2,,,closed,"{""en_US"": ""Closed""}",,
381,2308,0,,,mentions,"{""en_US"": ""Mentions Only""}",,
382,2308,1,,,no_notif,"{""en_US"": ""Nothing""}",,
383,2347,0,,,chat,"{""en_US"": ""Chat""}",,
384,2347,1,,,channel,"{""en_US"": ""Channel""}",,
385,2347,2,,,group,"{""en_US"": ""Group""}",,
386,2350,0,,,video_full_screen,"{""en_US"": ""Full screen video""}",,
387,2424,0,,,overdue,"{""en_US"": ""Overdue""}",,
388,2424,1,,,today,"{""en_US"": ""Today""}",,
389,2424,2,,,planned,"{""en_US"": ""Planned""}",,
390,2431,0,,,warning,"{""en_US"": ""Alert""}",,
391,2431,1,,,danger,"{""en_US"": ""Error""}",,
392,2463,0,,,comment,"{""en_US"": ""Post on a document""}",,
393,2463,1,,,mass_mail,"{""en_US"": ""Email Mass Mailing""}",,
394,2473,0,,,auto_comment,"{""en_US"": ""Automated Targeted Notification""}",,
395,2473,1,,,comment,"{""en_US"": ""Comment""}",,
396,2473,2,,,notification,"{""en_US"": ""System notification""}",,
397,2479,0,,,update,"{""en_US"": ""Store email and replies in the chatter of each record""}",,
398,2479,1,,,new,"{""en_US"": ""Collect replies on a specific email address""}",,
399,2598,0,,,b2b,"{""en_US"": ""On invitation""}",,
400,2598,1,,,b2c,"{""en_US"": ""Free sign up""}",,
401,2605,0,,,new,"{""en_US"": ""Never Connected""}",,
402,2605,1,,,active,"{""en_US"": ""Confirmed""}",,
403,1797,3,,,gmail,"{""en_US"": ""Gmail OAuth Authentication""}",,
404,572,3,,,gmail,"{""en_US"": ""Gmail OAuth Authentication""}",,
405,2647,0,,,not_initialized,"{""en_US"": ""Not initialized""}",,
406,2647,1,,,onboarding_emoji,"{""en_US"": ""Onboarding emoji""}",,
407,2647,2,,,onboarding_attachement,"{""en_US"": ""Onboarding attachment""}",,
408,2647,3,,,onboarding_command,"{""en_US"": ""Onboarding command""}",,
409,2647,4,,,onboarding_ping,"{""en_US"": ""Onboarding ping""}",,
410,2647,5,,,idle,"{""en_US"": ""Idle""}",,
411,2647,6,,,disabled,"{""en_US"": ""Disabled""}",,
412,2762,0,,,present,"{""en_US"": ""Present""}",,
413,2762,1,,,absent,"{""en_US"": ""Absent""}",,
414,2762,2,,,to_define,"{""en_US"": ""To Define""}",,
415,2765,0,,,presence_present,"{""en_US"": ""Present""}",,
416,2765,1,,,presence_absent_active,"{""en_US"": ""Present but not active""}",,
417,2765,2,,,presence_absent,"{""en_US"": ""Absent""}",,
418,2765,3,,,presence_to_define,"{""en_US"": ""To define""}",,
419,2765,4,,,presence_undetermined,"{""en_US"": ""Undetermined""}",,
420,2783,0,,,overdue,"{""en_US"": ""Overdue""}",,
421,2783,1,,,today,"{""en_US"": ""Today""}",,
422,2783,2,,,planned,"{""en_US"": ""Planned""}",,
423,2790,0,,,warning,"{""en_US"": ""Alert""}",,
424,2790,1,,,danger,"{""en_US"": ""Error""}",,
425,2819,0,,,present,"{""en_US"": ""Present""}",,
426,2819,1,,,absent,"{""en_US"": ""Absent""}",,
427,2819,2,,,to_define,"{""en_US"": ""To Define""}",,
428,2822,0,,,presence_present,"{""en_US"": ""Present""}",,
429,2822,1,,,presence_absent_active,"{""en_US"": ""Present but not active""}",,
430,2822,2,,,presence_absent,"{""en_US"": ""Absent""}",,
431,2822,3,,,presence_to_define,"{""en_US"": ""To define""}",,
432,2822,4,,,presence_undetermined,"{""en_US"": ""Undetermined""}",,
433,2838,0,,,male,"{""en_US"": ""Male""}",,
434,2838,1,,,female,"{""en_US"": ""Female""}",,
435,2838,2,,,other,"{""en_US"": ""Other""}",,
436,2839,0,,,single,"{""en_US"": ""Single""}",,
437,2839,1,,,married,"{""en_US"": ""Married""}",,
438,2839,2,,,cohabitant,"{""en_US"": ""Legal Cohabitant""}",,
439,2839,3,,,widower,"{""en_US"": ""Widower""}",,
440,2839,4,,,divorced,"{""en_US"": ""Divorced""}",,
441,2859,0,,,graduate,"{""en_US"": ""Graduate""}",,
442,2859,1,,,bachelor,"{""en_US"": ""Bachelor""}",,
443,2859,2,,,master,"{""en_US"": ""Master""}",,
444,2859,3,,,doctor,"{""en_US"": ""Doctor""}",,
445,2859,4,,,other,"{""en_US"": ""Other""}",,
446,2865,0,,,employee,"{""en_US"": ""Employee""}",,
447,2865,1,,,student,"{""en_US"": ""Student""}",,
448,2865,2,,,trainee,"{""en_US"": ""Trainee""}",,
449,2865,3,,,contractor,"{""en_US"": ""Contractor""}",,
450,2865,4,,,freelance,"{""en_US"": ""Freelancer""}",,
451,2914,0,,,present,"{""en_US"": ""Present""}",,
452,2914,1,,,absent,"{""en_US"": ""Absent""}",,
453,2914,2,,,to_define,"{""en_US"": ""To Define""}",,
454,2917,0,,,presence_present,"{""en_US"": ""Present""}",,
455,2917,1,,,presence_absent_active,"{""en_US"": ""Present but not active""}",,
456,2917,2,,,presence_absent,"{""en_US"": ""Absent""}",,
457,2917,3,,,presence_to_define,"{""en_US"": ""To define""}",,
458,2917,4,,,presence_undetermined,"{""en_US"": ""Undetermined""}",,
459,3013,0,,,home,"{""en_US"": ""Home""}",,
460,3013,1,,,office,"{""en_US"": ""Office""}",,
461,3013,2,,,other,"{""en_US"": ""Other""}",,
462,1907,2,,,coach,"{""en_US"": ""Coach""}",,
463,1907,3,,,manager,"{""en_US"": ""Manager""}",,
464,1907,4,,,employee,"{""en_US"": ""Employee""}",,
465,1689,3,,,employees,"{""en_US"": ""Authenticated Employees""}",,
466,3162,0,,,ok,"{""en_US"": ""Valid""}",,
467,3162,1,,,ko,"{""en_US"": ""Invalid""}",,
468,3162,2,,,exist,"{""en_US"": ""Already Registered""}",,
469,340,3,,,sms,"{""en_US"": ""Send SMS""}",,
357,340,4,,,followers,"{""en_US"": ""Add Followers""}",,
358,340,5,,,remove_followers,"{""en_US"": ""Remove Followers""}",,
83,340,6,,,object_create,"{""en_US"": ""Create Record""}",,
84,340,7,,,code,"{""en_US"": ""Execute Code""}",,
85,340,8,,,webhook,"{""en_US"": ""Send Webhook Notification""}",,
86,340,9,,,multi,"{""en_US"": ""Execute Existing Actions""}",,
476,3181,0,,,sms,"{""en_US"": ""SMS (without note)""}",,
477,3181,1,,,comment,"{""en_US"": ""SMS (with note)""}",,
478,3181,2,,,note,"{""en_US"": ""Note only""}",,
479,2022,6,,,sms,"{""en_US"": ""SMS""}",,
480,1820,2,,,sms,"{""en_US"": ""SMS""}",,
481,1824,7,,,sms_number_missing,"{""en_US"": ""Missing Number""}",,
482,1824,8,,,sms_number_format,"{""en_US"": ""Wrong Number Format""}",,
483,1824,9,,,sms_credit,"{""en_US"": ""Insufficient Credit""}",,
484,1824,10,,,sms_country_not_supported,"{""en_US"": ""Country Not Supported""}",,
485,1824,11,,,sms_registration_needed,"{""en_US"": ""Country-specific Registration Required""}",,
486,1824,12,,,sms_server,"{""en_US"": ""Server Error""}",,
487,1824,13,,,sms_acc,"{""en_US"": ""Unregistered Account""}",,
488,1824,14,,,sms_expired,"{""en_US"": ""Expired""}",,
489,1824,15,,,sms_invalid_destination,"{""en_US"": ""Invalid Destination""}",,
490,1824,16,,,sms_not_allowed,"{""en_US"": ""Not Allowed""}",,
491,1824,17,,,sms_not_delivered,"{""en_US"": ""Not Delivered""}",,
492,1824,18,,,sms_rejected,"{""en_US"": ""Rejected""}",,
493,3200,0,,,outgoing,"{""en_US"": ""In Queue""}",,
494,3200,1,,,process,"{""en_US"": ""Processing""}",,
495,3200,2,,,pending,"{""en_US"": ""Sent""}",,
496,3200,3,,,sent,"{""en_US"": ""Delivered""}",,
497,3200,4,,,error,"{""en_US"": ""Error""}",,
498,3200,5,,,canceled,"{""en_US"": ""Canceled""}",,
499,3201,0,,,unknown,"{""en_US"": ""Unknown error""}",,
500,3201,1,,,sms_number_missing,"{""en_US"": ""Missing Number""}",,
501,3201,2,,,sms_number_format,"{""en_US"": ""Wrong Number Format""}",,
502,3201,3,,,sms_country_not_supported,"{""en_US"": ""Country Not Supported""}",,
503,3201,4,,,sms_registration_needed,"{""en_US"": ""Country-specific Registration Required""}",,
504,3201,5,,,sms_credit,"{""en_US"": ""Insufficient Credit""}",,
505,3201,6,,,sms_server,"{""en_US"": ""Server Error""}",,
506,3201,7,,,sms_acc,"{""en_US"": ""Unregistered Account""}",,
507,3201,8,,,sms_blacklist,"{""en_US"": ""Blacklisted""}",,
508,3201,9,,,sms_duplicate,"{""en_US"": ""Duplicate""}",,
509,3201,10,,,sms_optout,"{""en_US"": ""Opted Out""}",,
510,3232,0,,,numbers,"{""en_US"": ""Send to numbers""}",,
511,3232,1,,,comment,"{""en_US"": ""Post on a document""}",,
512,3232,2,,,mass,"{""en_US"": ""Send SMS in batch""}",,
513,2022,7,,,snailmail,"{""en_US"": ""Snailmail""}",,
514,1820,3,,,snail,"{""en_US"": ""Snailmail""}",,
515,1824,19,,,sn_credit,"{""en_US"": ""Snailmail Credit Error""}",,
516,1824,20,,,sn_trial,"{""en_US"": ""Snailmail Trial Error""}",,
517,1824,21,,,sn_price,"{""en_US"": ""Snailmail No Price Available""}",,
518,1824,22,,,sn_fields,"{""en_US"": ""Snailmail Missing Required Fields""}",,
519,1824,23,,,sn_format,"{""en_US"": ""Snailmail Format Error""}",,
520,1824,24,,,sn_error,"{""en_US"": ""Snailmail Unknown Error""}",,
521,3343,0,,,pending,"{""en_US"": ""In Queue""}",,
522,3343,1,,,sent,"{""en_US"": ""Sent""}",,
523,3343,2,,,error,"{""en_US"": ""Error""}",,
524,3343,3,,,canceled,"{""en_US"": ""Canceled""}",,
525,3344,0,,,MISSING_REQUIRED_FIELDS,"{""en_US"": ""MISSING_REQUIRED_FIELDS""}",,
526,3344,1,,,CREDIT_ERROR,"{""en_US"": ""CREDIT_ERROR""}",,
527,3344,2,,,TRIAL_ERROR,"{""en_US"": ""TRIAL_ERROR""}",,
528,3344,3,,,NO_PRICE_AVAILABLE,"{""en_US"": ""NO_PRICE_AVAILABLE""}",,
529,3344,4,,,FORMAT_ERROR,"{""en_US"": ""FORMAT_ERROR""}",,
530,3344,5,,,UNKNOWN_ERROR,"{""en_US"": ""UNKNOWN_ERROR""}",,
531,3344,6,,,ATTACHMENT_ERROR,"{""en_US"": ""ATTACHMENT_ERROR""}",,
532,3387,0,,,daily,"{""en_US"": ""Daily""}",,
533,3387,1,,,weekly,"{""en_US"": ""Weekly""}",,
534,3387,2,,,monthly,"{""en_US"": ""Monthly""}",,
535,3387,3,,,quarterly,"{""en_US"": ""Quarterly""}",,
536,3393,0,,,activated,"{""en_US"": ""Activated""}",,
537,3393,1,,,deactivated,"{""en_US"": ""Deactivated""}",,
538,3441,0,,,classic,"{""en_US"": ""Classic""}",,
539,3639,0,,,b2b,"{""en_US"": ""On invitation""}",,
540,3639,1,,,b2c,"{""en_US"": ""Free sign up""}",,
541,3738,0,,,404,"{""en_US"": ""404 Not Found""}",,
542,3738,1,,,301,"{""en_US"": ""301 Moved permanently""}",,
543,3738,2,,,302,"{""en_US"": ""302 Moved temporarily""}",,
544,3738,3,,,308,"{""en_US"": ""308 Redirect / Rewrite""}",,
545,3757,0,,,"","{""en_US"": ""All""}",,
546,3757,1,,,connected,"{""en_US"": ""Signed In""}",,
547,3757,2,,,restricted_group,"{""en_US"": ""Restricted Group""}",,
548,3757,3,,,password,"{""en_US"": ""With Password""}",,
549,3806,0,,,append,"{""en_US"": ""Append""}",,
550,3806,1,,,prepend,"{""en_US"": ""Prepend""}",,
551,3806,2,,,after,"{""en_US"": ""After""}",,
552,3806,3,,,before,"{""en_US"": ""Before""}",,
553,3806,4,,,remove,"{""en_US"": ""Remove""}",,
554,3806,5,,,replace,"{""en_US"": ""Replace""}",,
555,3806,6,,,include,"{""en_US"": ""Include""}",,
556,3822,0,,,primary,"{""en_US"": ""Base view""}",,
557,3822,1,,,extension,"{""en_US"": ""Extension View""}",,
558,3826,0,,,ir.ui.view,"{""en_US"": ""ir.ui.view""}",,
559,3826,1,,,theme.ir.ui.view,"{""en_US"": ""theme.ir.ui.view""}",,
560,3956,0,,,listing,"{""en_US"": ""Listing""}",,
561,3956,1,,,single,"{""en_US"": ""Single record""}",,
562,3958,0,,,grid,"{""en_US"": ""Grid""}",,
563,3958,1,,,list,"{""en_US"": ""List""}",,
564,4059,0,,,normal,"{""en_US"": ""Normal""}",,
565,4059,1,,,GPA,"{""en_US"": ""GPA""}",,
566,4059,2,,,CWA,"{""en_US"": ""CWA""}",,
567,4059,3,,,CCE,"{""en_US"": ""CCE""}",,
568,4072,0,,,overdue,"{""en_US"": ""Overdue""}",,
569,4072,1,,,today,"{""en_US"": ""Today""}",,
570,4072,2,,,planned,"{""en_US"": ""Planned""}",,
571,4079,0,,,warning,"{""en_US"": ""Alert""}",,
572,4079,1,,,danger,"{""en_US"": ""Error""}",,
573,4098,0,,,A+,"{""en_US"": ""A+ve""}",,
574,4098,1,,,B+,"{""en_US"": ""B+ve""}",,
575,4098,2,,,O+,"{""en_US"": ""O+ve""}",,
576,4098,3,,,AB+,"{""en_US"": ""AB+ve""}",,
577,4098,4,,,A-,"{""en_US"": ""A-ve""}",,
578,4098,5,,,B-,"{""en_US"": ""B-ve""}",,
579,4098,6,,,O-,"{""en_US"": ""O-ve""}",,
580,4098,7,,,AB-,"{""en_US"": ""AB-ve""}",,
581,4099,0,,,male,"{""en_US"": ""Male""}",,
582,4099,1,,,female,"{""en_US"": ""Female""}",,
583,4246,0,,,running,"{""en_US"": ""Running""}",,
584,4246,1,,,finished,"{""en_US"": ""Finished""}",,
585,4254,0,,,overdue,"{""en_US"": ""Overdue""}",,
586,4254,1,,,today,"{""en_US"": ""Today""}",,
587,4254,2,,,planned,"{""en_US"": ""Planned""}",,
588,4261,0,,,warning,"{""en_US"": ""Alert""}",,
589,4261,1,,,danger,"{""en_US"": ""Error""}",,
590,4279,0,,,A+,"{""en_US"": ""A+ve""}",,
591,4279,1,,,B+,"{""en_US"": ""B+ve""}",,
592,4279,2,,,O+,"{""en_US"": ""O+ve""}",,
593,4279,3,,,AB+,"{""en_US"": ""AB+ve""}",,
594,4279,4,,,A-,"{""en_US"": ""A-ve""}",,
595,4279,5,,,B-,"{""en_US"": ""B-ve""}",,
596,4279,6,,,O-,"{""en_US"": ""O-ve""}",,
597,4279,7,,,AB-,"{""en_US"": ""AB-ve""}",,
598,4280,0,,,m,"{""en_US"": ""Male""}",,
599,4280,1,,,f,"{""en_US"": ""Female""}",,
600,4280,2,,,o,"{""en_US"": ""Other""}",,
601,4400,0,,,theory,"{""en_US"": ""Theory""}",,
602,4400,1,,,practical,"{""en_US"": ""Practical""}",,
603,4400,2,,,both,"{""en_US"": ""Both""}",,
604,4400,3,,,other,"{""en_US"": ""Other""}",,
605,4401,0,,,compulsory,"{""en_US"": ""Compulsory""}",,
606,4401,1,,,elective,"{""en_US"": ""Elective""}",,
607,4428,0,,,draft,"{""en_US"": ""Draft""}",,
608,4428,1,,,submitted,"{""en_US"": ""Submitted""}",,
609,4428,2,,,approved,"{""en_US"": ""Approved""}",,
610,4428,3,,,rejected,"{""en_US"": ""Rejected""}",,
611,4546,0,,,subject,"{""en_US"": ""Subject Wise""}",,
612,4546,1,,,generic,"{""en_US"": ""Generic""}",,
613,4564,0,,,two_sem,"{""en_US"": ""Two Semesters""}",,
614,4564,1,,,two_sem_qua,"{""en_US"": ""Two Semesters subdivided by Quarters""}",,
615,4564,2,,,two_sem_final,"{""en_US"": ""Two Semesters subdivided by Quarters and Final Exams""}",,
616,4564,3,,,three_sem,"{""en_US"": ""Three Trimesters""}",,
617,4564,4,,,four_Quarter,"{""en_US"": ""Four Quarters""}",,
618,4564,5,,,final_year,"{""en_US"": ""Final Year Grades subdivided by Quarters""}",,
619,4564,6,,,others,"{""en_US"": ""Other(overlapping terms, custom schedules)""}",,
620,4610,0,,,bigger,"{""en_US"": ""Bigger than the reference Unit of Measure""}",,
621,4610,1,,,reference,"{""en_US"": ""Reference Unit of Measure for this category""}",,
622,4610,2,,,smaller,"{""en_US"": ""Smaller than the reference Unit of Measure""}",,
623,4632,0,,,optional,"{""en_US"": ""Optional""}",,
624,4632,1,,,mandatory,"{""en_US"": ""Mandatory""}",,
625,4632,2,,,unavailable,"{""en_US"": ""Unavailable""}",,
626,4641,0,,,general,"{""en_US"": ""Miscellaneous""}",,
627,4642,0,,,optional,"{""en_US"": ""Optional""}",,
628,4642,1,,,mandatory,"{""en_US"": ""Mandatory""}",,
629,4642,2,,,unavailable,"{""en_US"": ""Unavailable""}",,
630,4693,0,,,other,"{""en_US"": ""Other""}",,
631,4736,0,,,bronze,"{""en_US"": ""Bronze""}",,
632,4736,1,,,silver,"{""en_US"": ""Silver""}",,
633,4736,2,,,gold,"{""en_US"": ""Gold""}",,
634,4737,0,,,everyone,"{""en_US"": ""Everyone""}",,
635,4737,1,,,users,"{""en_US"": ""A selected list of users""}",,
636,4737,2,,,having,"{""en_US"": ""People having some badges""}",,
637,4737,3,,,nobody,"{""en_US"": ""No one, assigned through challenges""}",,
638,4786,0,,,draft,"{""en_US"": ""Draft""}",,
639,4786,1,,,inprogress,"{""en_US"": ""In Progress""}",,
640,4786,2,,,done,"{""en_US"": ""Done""}",,
641,4791,0,,,once,"{""en_US"": ""Non recurring""}",,
642,4791,1,,,daily,"{""en_US"": ""Daily""}",,
643,4791,2,,,weekly,"{""en_US"": ""Weekly""}",,
644,4791,3,,,monthly,"{""en_US"": ""Monthly""}",,
645,4791,4,,,yearly,"{""en_US"": ""Yearly""}",,
646,4802,0,,,personal,"{""en_US"": ""Individual Goals""}",,
647,4802,1,,,ranking,"{""en_US"": ""Leader Board (Group Ranking)""}",,
648,4803,0,,,never,"{""en_US"": ""Never""}",,
649,4803,1,,,onchange,"{""en_US"": ""On change""}",,
650,4803,2,,,daily,"{""en_US"": ""Daily""}",,
651,4803,3,,,weekly,"{""en_US"": ""Weekly""}",,
652,4803,4,,,monthly,"{""en_US"": ""Monthly""}",,
653,4803,5,,,yearly,"{""en_US"": ""Yearly""}",,
654,4809,0,,,hr,"{""en_US"": ""Human Resources / Engagement""}",,
655,4809,1,,,other,"{""en_US"": ""Settings / Gamification Tools""}",,
656,4840,0,,,draft,"{""en_US"": ""Draft""}",,
657,4840,1,,,inprogress,"{""en_US"": ""In progress""}",,
658,4840,2,,,reached,"{""en_US"": ""Reached""}",,
659,4840,3,,,failed,"{""en_US"": ""Failed""}",,
660,4840,4,,,canceled,"{""en_US"": ""Canceled""}",,
661,4861,0,,,manually,"{""en_US"": ""Recorded manually""}",,
662,4861,1,,,count,"{""en_US"": ""Automatic: number of records""}",,
663,4861,2,,,sum,"{""en_US"": ""Automatic: sum on a field""}",,
664,4861,3,,,python,"{""en_US"": ""Automatic: execute a specific Python code""}",,
665,4862,0,,,progress,"{""en_US"": ""Progressive (using numerical values)""}",,
666,4862,1,,,boolean,"{""en_US"": ""Exclusive (done or not-done)""}",,
667,4872,0,,,higher,"{""en_US"": ""The higher the better""}",,
668,4872,1,,,lower,"{""en_US"": ""The lower the better""}",,
669,4994,0,,,top,"{""en_US"": ""Satisfied""}",,
670,4994,1,,,ok,"{""en_US"": ""Okay""}",,
671,4994,2,,,ko,"{""en_US"": ""Dissatisfied""}",,
672,4994,3,,,none,"{""en_US"": ""No Rating yet""}",,
673,5023,0,,,top,"{""en_US"": ""Satisfied""}",,
674,5023,1,,,ok,"{""en_US"": ""Okay""}",,
675,5023,2,,,ko,"{""en_US"": ""Dissatisfied""}",,
676,5023,3,,,none,"{""en_US"": ""No Rating yet""}",,
677,5059,0,,,overdue,"{""en_US"": ""Overdue""}",,
678,5059,1,,,today,"{""en_US"": ""Today""}",,
679,5059,2,,,planned,"{""en_US"": ""Planned""}",,
680,5066,0,,,warning,"{""en_US"": ""Alert""}",,
681,5066,1,,,danger,"{""en_US"": ""Error""}",,
682,5081,0,,,survey,"{""en_US"": ""Survey""}",,
683,5081,1,,,live_session,"{""en_US"": ""Live session""}",,
684,5081,2,,,assessment,"{""en_US"": ""Assessment""}",,
685,5081,3,,,custom,"{""en_US"": ""Custom""}",,
686,5094,0,,,page_per_question,"{""en_US"": ""One page per question""}",,
687,5094,1,,,page_per_section,"{""en_US"": ""One page per section""}",,
688,5094,2,,,one_page,"{""en_US"": ""One page with all the questions""}",,
689,5095,0,,,all,"{""en_US"": ""All questions""}",,
690,5095,1,,,random,"{""en_US"": ""Randomized per Section""}",,
691,5096,0,,,percent,"{""en_US"": ""Percentage left""}",,
692,5096,1,,,number,"{""en_US"": ""Number""}",,
693,5098,0,,,public,"{""en_US"": ""Anyone with the link""}",,
694,5098,1,,,token,"{""en_US"": ""Invited people only""}",,
695,5109,0,,,no_scoring,"{""en_US"": ""No scoring""}",,
696,5109,1,,,scoring_with_answers_after_page,"{""en_US"": ""Scoring with answers after each page""}",,
697,5109,2,,,scoring_with_answers,"{""en_US"": ""Scoring with answers at the end""}",,
698,5109,3,,,scoring_without_answers,"{""en_US"": ""Scoring without answers""}",,
699,5118,0,,,modern_purple,"{""en_US"": ""Modern Purple""}",,
700,5118,1,,,modern_blue,"{""en_US"": ""Modern Blue""}",,
701,5118,2,,,modern_gold,"{""en_US"": ""Modern Gold""}",,
702,5118,3,,,classic_purple,"{""en_US"": ""Classic Purple""}",,
703,5118,4,,,classic_blue,"{""en_US"": ""Classic Blue""}",,
704,5118,5,,,classic_gold,"{""en_US"": ""Classic Gold""}",,
705,5122,0,,,ready,"{""en_US"": ""Ready""}",,
706,5122,1,,,in_progress,"{""en_US"": ""In Progress""}",,
707,5152,0,,,simple_choice,"{""en_US"": ""Multiple choice: only one answer""}",,
708,5152,1,,,multiple_choice,"{""en_US"": ""Multiple choice: multiple answers allowed""}",,
709,5152,2,,,text_box,"{""en_US"": ""Multiple Lines Text Box""}",,
710,5152,3,,,char_box,"{""en_US"": ""Single Line Text Box""}",,
711,5152,4,,,numerical_box,"{""en_US"": ""Numerical Value""}",,
712,5152,5,,,date,"{""en_US"": ""Date""}",,
713,5152,6,,,datetime,"{""en_US"": ""Datetime""}",,
714,5152,7,,,matrix,"{""en_US"": ""Matrix""}",,
715,5161,0,,,simple,"{""en_US"": ""One choice per row""}",,
716,5161,1,,,multiple,"{""en_US"": ""Multiple choices per row""}",,
717,5209,0,,,overdue,"{""en_US"": ""Overdue""}",,
718,5209,1,,,today,"{""en_US"": ""Today""}",,
719,5209,2,,,planned,"{""en_US"": ""Planned""}",,
720,5216,0,,,warning,"{""en_US"": ""Alert""}",,
721,5216,1,,,danger,"{""en_US"": ""Error""}",,
722,5236,0,,,new,"{""en_US"": ""Not started yet""}",,
723,5236,1,,,in_progress,"{""en_US"": ""In Progress""}",,
724,5236,2,,,done,"{""en_US"": ""Completed""}",,
725,5269,0,,,text_box,"{""en_US"": ""Free Text""}",,
726,5269,1,,,char_box,"{""en_US"": ""Text""}",,
727,5269,2,,,numerical_box,"{""en_US"": ""Number""}",,
728,5269,3,,,date,"{""en_US"": ""Date""}",,
729,5269,4,,,datetime,"{""en_US"": ""Datetime""}",,
730,5269,5,,,suggestion,"{""en_US"": ""Suggestion""}",,
731,4809,2,,,certification,"{""en_US"": ""Certifications""}",,
732,5303,0,,,new,"{""en_US"": ""New invite""}",,
733,5303,1,,,resend,"{""en_US"": ""Resend invite""}",,
734,3441,1,,,certification,"{""en_US"": ""Certification""}",,
735,5346,0,,,expired,"{""en_US"": ""Expired""}",,
736,5346,1,,,expiring,"{""en_US"": ""Expiring""}",,
737,5346,2,,,valid,"{""en_US"": ""Valid""}",,
738,5426,0,,,mail,"{""en_US"": ""Email""}",,
739,5440,0,,,outgoing,"{""en_US"": ""Outgoing""}",,
740,5440,1,,,process,"{""en_US"": ""Processing""}",,
741,5440,2,,,pending,"{""en_US"": ""Sent""}",,
742,5440,3,,,sent,"{""en_US"": ""Delivered""}",,
743,5440,4,,,open,"{""en_US"": ""Opened""}",,
744,5440,5,,,reply,"{""en_US"": ""Replied""}",,
745,5440,6,,,bounce,"{""en_US"": ""Bounced""}",,
746,5440,7,,,error,"{""en_US"": ""Exception""}",,
747,5440,8,,,cancel,"{""en_US"": ""Canceled""}",,
748,5441,0,,,unknown,"{""en_US"": ""Unknown error""}",,
749,5441,1,,,mail_bounce,"{""en_US"": ""Bounce""}",,
750,5441,2,,,mail_email_invalid,"{""en_US"": ""Invalid email address""}",,
751,5441,3,,,mail_email_missing,"{""en_US"": ""Missing email address""}",,
752,5441,4,,,mail_from_invalid,"{""en_US"": ""Invalid from address""}",,
753,5441,5,,,mail_from_missing,"{""en_US"": ""Missing from address""}",,
754,5441,6,,,mail_smtp,"{""en_US"": ""Connection failed (outgoing mail server problem)""}",,
755,5441,7,,,mail_bl,"{""en_US"": ""Blacklisted Address""}",,
756,5441,8,,,mail_dup,"{""en_US"": ""Duplicated Email""}",,
757,5441,9,,,mail_optout,"{""en_US"": ""Opted Out""}",,
758,5456,0,,,overdue,"{""en_US"": ""Overdue""}",,
759,5456,1,,,today,"{""en_US"": ""Today""}",,
760,5456,2,,,planned,"{""en_US"": ""Planned""}",,
761,5463,0,,,warning,"{""en_US"": ""Alert""}",,
762,5463,1,,,danger,"{""en_US"": ""Error""}",,
763,5485,0,,,now,"{""en_US"": ""Send now""}",,
764,5485,1,,,scheduled,"{""en_US"": ""Send on""}",,
765,5495,0,,,draft,"{""en_US"": ""Draft""}",,
766,5495,1,,,in_queue,"{""en_US"": ""In Queue""}",,
767,5495,2,,,sending,"{""en_US"": ""Sending""}",,
768,5495,3,,,done,"{""en_US"": ""Sent""}",,
769,5498,0,,,mail,"{""en_US"": ""Email""}",,
770,5500,0,,,update,"{""en_US"": ""Recipient Followers""}",,
771,5500,1,,,new,"{""en_US"": ""Specified Email Address""}",,
772,5575,0,,,manual,"{""en_US"": ""Manual""}",,
773,5575,1,,,opened_ratio,"{""en_US"": ""Highest Open Rate""}",,
774,5575,2,,,clicks_ratio,"{""en_US"": ""Highest Click Rate""}",,
775,5575,3,,,replied_ratio,"{""en_US"": ""Highest Reply Rate""}",,
776,5581,0,,,mail,"{""en_US"": ""Mail""}",,
777,5584,0,,,draft,"{""en_US"": ""Draft""}",,
778,5584,1,,,test,"{""en_US"": ""Tested""}",,
779,5584,2,,,done,"{""en_US"": ""Sent""}",,
780,5621,0,,,new,"{""en_US"": ""Merge into a new mailing list""}",,
781,5621,1,,,existing,"{""en_US"": ""Merge into an existing mailing list""}",,
782,5662,0,,,day,"{""en_US"": ""Days""}",,
783,5662,1,,,week,"{""en_US"": ""Weeks""}",,
784,5662,2,,,month,"{""en_US"": ""Months""}",,
785,5662,3,,,year,"{""en_US"": ""Years""}",,
786,5663,0,,,forever,"{""en_US"": ""Forever""}",,
787,5663,1,,,until,"{""en_US"": ""Until""}",,
788,5699,0,,,top,"{""en_US"": ""Satisfied""}",,
789,5699,1,,,ok,"{""en_US"": ""Okay""}",,
790,5699,2,,,ko,"{""en_US"": ""Dissatisfied""}",,
791,5699,3,,,none,"{""en_US"": ""No Rating yet""}",,
792,5703,0,,,overdue,"{""en_US"": ""Overdue""}",,
793,5703,1,,,today,"{""en_US"": ""Today""}",,
794,5703,2,,,planned,"{""en_US"": ""Planned""}",,
795,5710,0,,,warning,"{""en_US"": ""Alert""}",,
796,5710,1,,,danger,"{""en_US"": ""Error""}",,
797,5719,0,,,0,"{""en_US"": ""Low""}",,
798,5719,1,,,1,"{""en_US"": ""High""}",,
799,5723,0,,,01_in_progress,"{""en_US"": ""In Progress""}",,
800,5723,1,,,02_changes_requested,"{""en_US"": ""Changes Requested""}",,
801,5723,2,,,03_approved,"{""en_US"": ""Approved""}",,
802,5723,3,,,1_done,"{""en_US"": ""Done""}",,
803,5723,4,,,1_canceled,"{""en_US"": ""Canceled""}",,
804,5723,5,,,04_waiting_normal,"{""en_US"": ""Waiting""}",,
805,5767,0,,,day,"{""en_US"": ""Days""}",,
806,5767,1,,,week,"{""en_US"": ""Weeks""}",,
807,5767,2,,,month,"{""en_US"": ""Months""}",,
808,5767,3,,,year,"{""en_US"": ""Years""}",,
809,5768,0,,,forever,"{""en_US"": ""Forever""}",,
810,5768,1,,,until,"{""en_US"": ""Until""}",,
811,5806,0,,,overdue,"{""en_US"": ""Overdue""}",,
812,5806,1,,,today,"{""en_US"": ""Today""}",,
813,5806,2,,,planned,"{""en_US"": ""Planned""}",,
814,5813,0,,,warning,"{""en_US"": ""Alert""}",,
815,5813,1,,,danger,"{""en_US"": ""Error""}",,
816,5830,0,,,on_track,"{""en_US"": ""On Track""}",,
817,5830,1,,,at_risk,"{""en_US"": ""At Risk""}",,
818,5830,2,,,off_track,"{""en_US"": ""Off Track""}",,
819,5830,3,,,on_hold,"{""en_US"": ""On Hold""}",,
820,5830,4,,,done,"{""en_US"": ""Done""}",,
821,5849,0,,,overdue,"{""en_US"": ""Overdue""}",,
822,5849,1,,,today,"{""en_US"": ""Today""}",,
823,5849,2,,,planned,"{""en_US"": ""Planned""}",,
824,5856,0,,,warning,"{""en_US"": ""Alert""}",,
825,5856,1,,,danger,"{""en_US"": ""Error""}",,
826,5905,0,,,followers,"{""en_US"": ""Invited internal users (private)""}",,
827,5905,1,,,employees,"{""en_US"": ""All internal users""}",,
828,5905,2,,,portal,"{""en_US"": ""Invited portal users and all internal users (public)""}",,
829,5920,0,,,stage,"{""en_US"": ""when reaching a given stage""}",,
830,5920,1,,,periodic,"{""en_US"": ""on a periodic basis""}",,
831,5921,0,,,daily,"{""en_US"": ""Daily""}",,
832,5921,1,,,weekly,"{""en_US"": ""Weekly""}",,
833,5921,2,,,bimonthly,"{""en_US"": ""Twice a Month""}",,
834,5921,3,,,monthly,"{""en_US"": ""Once a Month""}",,
835,5921,4,,,quarterly,"{""en_US"": ""Quarterly""}",,
836,5921,5,,,yearly,"{""en_US"": ""Yearly""}",,
837,5925,0,,,on_track,"{""en_US"": ""On Track""}",,
838,5925,1,,,at_risk,"{""en_US"": ""At Risk""}",,
839,5925,2,,,off_track,"{""en_US"": ""Off Track""}",,
840,5925,3,,,on_hold,"{""en_US"": ""On Hold""}",,
841,5925,4,,,to_define,"{""en_US"": ""Set Status""}",,
842,5925,5,,,done,"{""en_US"": ""Done""}",,
843,6010,0,,,0,"{""en_US"": ""Low""}",,
844,6010,1,,,1,"{""en_US"": ""High""}",,
845,6011,0,,,01_in_progress,"{""en_US"": ""In Progress""}",,
846,6011,1,,,1_done,"{""en_US"": ""Done""}",,
847,6011,2,,,04_waiting_normal,"{""en_US"": ""Waiting""}",,
848,6011,3,,,03_approved,"{""en_US"": ""Approved""}",,
849,6011,4,,,1_canceled,"{""en_US"": ""Canceled""}",,
850,6011,5,,,02_changes_requested,"{""en_US"": ""Changes Requested""}",,
851,6031,0,,,01_in_progress,"{""en_US"": ""In Progress""}",,
852,6031,1,,,1_done,"{""en_US"": ""Done""}",,
853,6031,2,,,04_waiting_normal,"{""en_US"": ""Waiting""}",,
854,6031,3,,,03_approved,"{""en_US"": ""Approved""}",,
855,6031,4,,,1_canceled,"{""en_US"": ""Canceled""}",,
856,6031,5,,,02_changes_requested,"{""en_US"": ""Changes Requested""}",,
857,6070,0,,,read,"{""en_US"": ""Readonly""}",,
858,6070,1,,,edit,"{""en_US"": ""Edit""}",,
859,1844,3,,,reminder,"{""en_US"": ""Reminder""}",,
860,6094,0,,,overdue,"{""en_US"": ""Overdue""}",,
861,6094,1,,,today,"{""en_US"": ""Today""}",,
862,6094,2,,,planned,"{""en_US"": ""Planned""}",,
863,6101,0,,,warning,"{""en_US"": ""Alert""}",,
864,6101,1,,,danger,"{""en_US"": ""Error""}",,
865,6154,0,,,none,"{""en_US"": ""Never""}",,
866,6154,1,,,ean2upc,"{""en_US"": ""EAN-13 to UPC-A""}",,
867,6154,2,,,upc2ean,"{""en_US"": ""UPC-A to EAN-13""}",,
868,6154,3,,,always,"{""en_US"": ""Always""}",,
869,6164,0,,,any,"{""en_US"": ""Any""}",,
870,6164,1,,,ean13,"{""en_US"": ""EAN-13""}",,
871,6164,2,,,ean8,"{""en_US"": ""EAN-8""}",,
872,6164,3,,,upca,"{""en_US"": ""UPC-A""}",,
873,6165,0,,,alias,"{""en_US"": ""Alias""}",,
874,6165,1,,,product,"{""en_US"": ""Unit Product""}",,
875,6175,0,,,not_done,"{""en_US"": ""Not done""}",,
876,6175,1,,,just_done,"{""en_US"": ""Just done""}",,
877,6175,2,,,done,"{""en_US"": ""Done""}",,
878,6193,0,,,not_done,"{""en_US"": ""Not done""}",,
879,6193,1,,,just_done,"{""en_US"": ""Just done""}",,
880,6193,2,,,done,"{""en_US"": ""Done""}",,
881,6214,0,,,not_done,"{""en_US"": ""Not done""}",,
882,6214,1,,,just_done,"{""en_US"": ""Just done""}",,
883,6214,2,,,done,"{""en_US"": ""Done""}",,
884,6225,0,,,not_done,"{""en_US"": ""Not done""}",,
885,6225,1,,,just_done,"{""en_US"": ""Just done""}",,
886,6225,2,,,done,"{""en_US"": ""Done""}",,
887,6240,0,,,overdue,"{""en_US"": ""Overdue""}",,
888,6240,1,,,today,"{""en_US"": ""Today""}",,
889,6240,2,,,planned,"{""en_US"": ""Planned""}",,
890,6247,0,,,warning,"{""en_US"": ""Alert""}",,
891,6247,1,,,danger,"{""en_US"": ""Error""}",,
892,6267,0,,,consu,"{""en_US"": ""Consumable""}",,
893,6267,1,,,service,"{""en_US"": ""Service""}",,
894,6268,0,,,consu,"{""en_US"": ""Consumable""}",,
895,6268,1,,,service,"{""en_US"": ""Service""}",,
896,6303,0,,,0,"{""en_US"": ""Normal""}",,
897,6303,1,,,1,"{""en_US"": ""Favorite""}",,
898,6313,0,,,overdue,"{""en_US"": ""Overdue""}",,
899,6313,1,,,today,"{""en_US"": ""Today""}",,
900,6313,2,,,planned,"{""en_US"": ""Planned""}",,
901,6320,0,,,warning,"{""en_US"": ""Alert""}",,
902,6320,1,,,danger,"{""en_US"": ""Error""}",,
903,6407,0,,,always,"{""en_US"": ""Instantly""}",,
904,6407,1,,,dynamic,"{""en_US"": ""Dynamically""}",,
905,6407,2,,,no_variant,"{""en_US"": ""Never (option)""}",,
906,6408,0,,,radio,"{""en_US"": ""Radio""}",,
907,6408,1,,,pills,"{""en_US"": ""Pills""}",,
908,6408,2,,,select,"{""en_US"": ""Select""}",,
909,6408,3,,,color,"{""en_US"": ""Color""}",,
910,6408,4,,,multi,"{""en_US"": ""Multi-checkbox (option)""}",,
911,6509,0,,,overdue,"{""en_US"": ""Overdue""}",,
912,6509,1,,,today,"{""en_US"": ""Today""}",,
913,6509,2,,,planned,"{""en_US"": ""Planned""}",,
914,6516,0,,,warning,"{""en_US"": ""Alert""}",,
915,6516,1,,,danger,"{""en_US"": ""Error""}",,
916,6537,0,,,with_discount,"{""en_US"": ""Discount included in the price""}",,
917,6537,1,,,without_discount,"{""en_US"": ""Show public price & discount to the customer""}",,
918,6551,0,,,3_global,"{""en_US"": ""All Products""}",,
919,6551,1,,,2_product_category,"{""en_US"": ""Product Category""}",,
920,6551,2,,,1_product,"{""en_US"": ""Product""}",,
921,6551,3,,,0_product_variant,"{""en_US"": ""Product Variant""}",,
922,6555,0,,,list_price,"{""en_US"": ""Sales Price""}",,
923,6555,1,,,standard_price,"{""en_US"": ""Cost""}",,
924,6555,2,,,pricelist,"{""en_US"": ""Other Pricelist""}",,
925,6557,0,,,fixed,"{""en_US"": ""Fixed Price""}",,
926,6557,1,,,percentage,"{""en_US"": ""Discount""}",,
927,6557,2,,,formula,"{""en_US"": ""Formula""}",,
928,6659,0,,,basic,"{""en_US"": ""Multiple prices per product""}",,
929,6659,1,,,advanced,"{""en_US"": ""Advanced price rules (discounts, formulas)""}",,
930,6660,0,,,0,"{""en_US"": ""Kilograms""}",,
931,6660,1,,,1,"{""en_US"": ""Pounds""}",,
932,6661,0,,,0,"{""en_US"": ""Cubic Meters""}",,
933,6661,1,,,1,"{""en_US"": ""Cubic Feet""}",,
934,6664,0,,,dymo,"{""en_US"": ""Dymo""}",,
935,6664,1,,,2x7xprice,"{""en_US"": ""2 x 7 with price""}",,
936,6664,2,,,4x7xprice,"{""en_US"": ""4 x 7 with price""}",,
937,6664,3,,,4x12,"{""en_US"": ""4 x 12""}",,
938,6664,4,,,4x12xprice,"{""en_US"": ""4 x 12 with price""}",,
939,6782,0,,,overdue,"{""en_US"": ""Overdue""}",,
940,6782,1,,,today,"{""en_US"": ""Today""}",,
941,6782,2,,,planned,"{""en_US"": ""Planned""}",,
942,6789,0,,,warning,"{""en_US"": ""Alert""}",,
943,6789,1,,,danger,"{""en_US"": ""Error""}",,
944,6816,0,,,normal,"{""en_US"": ""In Progress""}",,
945,6816,1,,,done,"{""en_US"": ""Done""}",,
946,6816,2,,,blocked,"{""en_US"": ""Blocked""}",,
947,6847,0,,,A4_french_fold,"{""en_US"": ""A4 foldable""}",,
948,6847,1,,,A6,"{""en_US"": ""A6""}",,
949,6847,2,,,four_per_sheet,"{""en_US"": ""4 per sheet""}",,
950,6857,0,,,mail,"{""en_US"": ""Mail""}",,
951,6859,0,,,now,"{""en_US"": ""Immediately""}",,
952,6859,1,,,hours,"{""en_US"": ""Hours""}",,
953,6859,2,,,days,"{""en_US"": ""Days""}",,
954,6859,3,,,weeks,"{""en_US"": ""Weeks""}",,
955,6859,4,,,months,"{""en_US"": ""Months""}",,
956,6860,0,,,after_sub,"{""en_US"": ""After each registration""}",,
957,6860,1,,,before_event,"{""en_US"": ""Before the event""}",,
958,6860,2,,,after_event,"{""en_US"": ""After the event""}",,
959,6871,0,,,mail,"{""en_US"": ""Mail""}",,
960,6873,0,,,now,"{""en_US"": ""Immediately""}",,
961,6873,1,,,hours,"{""en_US"": ""Hours""}",,
962,6873,2,,,days,"{""en_US"": ""Days""}",,
963,6873,3,,,weeks,"{""en_US"": ""Weeks""}",,
964,6873,4,,,months,"{""en_US"": ""Months""}",,
965,6874,0,,,after_sub,"{""en_US"": ""After each registration""}",,
966,6874,1,,,before_event,"{""en_US"": ""Before the event""}",,
967,6874,2,,,after_event,"{""en_US"": ""After the event""}",,
968,6878,0,,,running,"{""en_US"": ""Running""}",,
969,6878,1,,,scheduled,"{""en_US"": ""Scheduled""}",,
970,6878,2,,,sent,"{""en_US"": ""Sent""}",,
971,6899,0,,,overdue,"{""en_US"": ""Overdue""}",,
972,6899,1,,,today,"{""en_US"": ""Today""}",,
973,6899,2,,,planned,"{""en_US"": ""Planned""}",,
974,6906,0,,,warning,"{""en_US"": ""Alert""}",,
975,6906,1,,,danger,"{""en_US"": ""Error""}",,
976,6939,0,,,draft,"{""en_US"": ""Unconfirmed""}",,
977,6939,1,,,open,"{""en_US"": ""Registered""}",,
978,6939,2,,,done,"{""en_US"": ""Attended""}",,
979,6939,3,,,cancel,"{""en_US"": ""Cancelled""}",,
980,7056,0,,,full_only,"{""en_US"": ""Full Only""}",,
981,7056,1,,,partial,"{""en_US"": ""Partial""}",,
982,7067,0,,,none,"{""en_US"": ""No Provider Set""}",,
983,7068,0,,,disabled,"{""en_US"": ""Disabled""}",,
984,7068,1,,,enabled,"{""en_US"": ""Enabled""}",,
985,7068,2,,,test,"{""en_US"": ""Test Mode""}",,
986,7089,0,,,full_only,"{""en_US"": ""Full Only""}",,
987,7089,1,,,partial,"{""en_US"": ""Partial""}",,
988,7091,0,,,full_only,"{""en_US"": ""Full Only""}",,
989,7091,1,,,partial,"{""en_US"": ""Partial""}",,
990,7138,0,,,draft,"{""en_US"": ""Draft""}",,
991,7138,1,,,pending,"{""en_US"": ""Pending""}",,
992,7138,2,,,authorized,"{""en_US"": ""Authorized""}",,
993,7138,3,,,done,"{""en_US"": ""Confirmed""}",,
994,7138,4,,,cancel,"{""en_US"": ""Canceled""}",,
995,7138,5,,,error,"{""en_US"": ""Error""}",,
996,7141,0,,,online_redirect,"{""en_US"": ""Online payment with redirection""}",,
997,7141,1,,,online_direct,"{""en_US"": ""Online direct payment""}",,
998,7141,2,,,online_token,"{""en_US"": ""Online payment by token""}",,
999,7141,3,,,validation,"{""en_US"": ""Validation of the payment method""}",,
1000,7141,4,,,offline,"{""en_US"": ""Offline payment by token""}",,
1001,7141,5,,,refund,"{""en_US"": ""Refund""}",,
1002,7169,0,,,paypal,"{""en_US"": ""PayPal""}",,
1003,7169,1,,,stripe,"{""en_US"": ""Stripe""}",,
1004,7169,2,,,manual,"{""en_US"": ""Manual""}",,
1005,7169,3,,,other,"{""en_US"": ""Other""}",,
1006,7206,0,,,stripe,"{""en_US"": ""Credit & Debit card (via Stripe)""}",,
1007,7206,1,,,paypal,"{""en_US"": ""PayPal""}",,
1008,7206,2,,,manual,"{""en_US"": ""Custom payment instructions""}",,
1009,7246,0,,,templates_found,"{""en_US"": ""Templates Found""}",,
1010,7246,1,,,no_template,"{""en_US"": ""No Template""}",,
1011,7297,0,,,good,"{""en_US"": ""Good Debtor""}",,
1012,7297,1,,,normal,"{""en_US"": ""Normal Debtor""}",,
1013,7297,2,,,bad,"{""en_US"": ""Bad Debtor""}",,
1014,7298,0,,,no-message,"{""en_US"": ""No Message""}",,
1015,7298,1,,,warning,"{""en_US"": ""Warning""}",,
1016,7298,2,,,block,"{""en_US"": ""Blocking Message""}",,
1017,7304,0,,,overdue,"{""en_US"": ""Overdue""}",,
1018,7304,1,,,today,"{""en_US"": ""Today""}",,
1019,7304,2,,,planned,"{""en_US"": ""Planned""}",,
1020,7311,0,,,warning,"{""en_US"": ""Alert""}",,
1021,7311,1,,,danger,"{""en_US"": ""Error""}",,
1022,7344,0,,,accounts,"{""en_US"": ""Accounts""}",,
1023,7344,1,,,taxes,"{""en_US"": ""Taxes""}",,
1024,7344,2,,,products,"{""en_US"": ""Products""}",,
1025,7374,0,,,asset_receivable,"{""en_US"": ""Receivable""}",,
1026,7374,1,,,asset_cash,"{""en_US"": ""Bank and Cash""}",,
1027,7374,2,,,asset_current,"{""en_US"": ""Current Assets""}",,
1028,7374,3,,,asset_non_current,"{""en_US"": ""Non-current Assets""}",,
1029,7374,4,,,asset_prepayments,"{""en_US"": ""Prepayments""}",,
1030,7374,5,,,asset_fixed,"{""en_US"": ""Fixed Assets""}",,
1031,7374,6,,,liability_payable,"{""en_US"": ""Payable""}",,
1032,7374,7,,,liability_credit_card,"{""en_US"": ""Credit Card""}",,
1033,7374,8,,,liability_current,"{""en_US"": ""Current Liabilities""}",,
1034,7374,9,,,liability_non_current,"{""en_US"": ""Non-current Liabilities""}",,
1035,7374,10,,,equity,"{""en_US"": ""Equity""}",,
1036,7374,11,,,equity_unaffected,"{""en_US"": ""Current Year Earnings""}",,
1037,7374,12,,,income,"{""en_US"": ""Income""}",,
1038,7374,13,,,income_other,"{""en_US"": ""Other Income""}",,
1039,7374,14,,,expense,"{""en_US"": ""Expenses""}",,
1040,7374,15,,,expense_depreciation,"{""en_US"": ""Depreciation""}",,
1041,7374,16,,,expense_direct_cost,"{""en_US"": ""Cost of Revenue""}",,
1042,7374,17,,,off_balance,"{""en_US"": ""Off-Balance Sheet""}",,
1043,7376,0,,,equity,"{""en_US"": ""Equity""}",,
1044,7376,1,,,asset,"{""en_US"": ""Asset""}",,
1045,7376,2,,,liability,"{""en_US"": ""Liability""}",,
1046,7376,3,,,income,"{""en_US"": ""Income""}",,
1047,7376,4,,,expense,"{""en_US"": ""Expense""}",,
1048,7376,5,,,off_balance,"{""en_US"": ""Off Balance""}",,
1049,7425,0,,,overdue,"{""en_US"": ""Overdue""}",,
1050,7425,1,,,today,"{""en_US"": ""Today""}",,
1051,7425,2,,,planned,"{""en_US"": ""Planned""}",,
1052,7432,0,,,warning,"{""en_US"": ""Alert""}",,
1053,7432,1,,,danger,"{""en_US"": ""Error""}",,
1054,7459,0,,,sale,"{""en_US"": ""Sales""}",,
1055,7459,1,,,purchase,"{""en_US"": ""Purchase""}",,
1056,7459,2,,,cash,"{""en_US"": ""Cash""}",,
1057,7459,3,,,bank,"{""en_US"": ""Bank""}",,
1058,7459,4,,,general,"{""en_US"": ""Miscellaneous""}",,
1059,7466,0,,,none,"{""en_US"": ""Open""}",,
1060,7466,1,,,partner,"{""en_US"": ""Based on Customer""}",,
1061,7466,2,,,invoice,"{""en_US"": ""Based on Invoice""}",,
1062,7467,0,,,odoo,"{""en_US"": ""Odoo""}",,
1063,7467,1,,,euro,"{""en_US"": ""European""}",,
1064,7537,0,,,sale,"{""en_US"": ""Sales""}",,
1065,7537,1,,,purchase,"{""en_US"": ""Purchases""}",,
1066,7537,2,,,none,"{""en_US"": ""None""}",,
1067,7538,0,,,service,"{""en_US"": ""Services""}",,
1068,7538,1,,,consu,"{""en_US"": ""Goods""}",,
1069,7539,0,,,group,"{""en_US"": ""Group of Taxes""}",,
1070,7539,1,,,fixed,"{""en_US"": ""Fixed""}",,
1071,7539,2,,,percent,"{""en_US"": ""Percentage of Price""}",,
1072,7539,3,,,division,"{""en_US"": ""Percentage of Price Tax Included""}",,
1073,7553,0,,,on_invoice,"{""en_US"": ""Based on Invoice""}",,
1074,7553,1,,,on_payment,"{""en_US"": ""Based on Payment""}",,
1075,7570,0,,,base,"{""en_US"": ""Base""}",,
1076,7570,1,,,tax,"{""en_US"": ""of tax""}",,
1077,7571,0,,,invoice,"{""en_US"": ""Invoice""}",,
1078,7571,1,,,refund,"{""en_US"": ""Refund""}",,
1079,7608,0,,,fixed,"{""en_US"": ""Fixed""}",,
1080,7608,1,,,percentage,"{""en_US"": ""Percentage of balance""}",,
1081,7608,2,,,percentage_st_line,"{""en_US"": ""Percentage of statement line""}",,
1082,7608,3,,,regex,"{""en_US"": ""From label""}",,
1083,7637,0,,,writeoff_button,"{""en_US"": ""Button to generate counterpart entry""}",,
1084,7637,1,,,writeoff_suggestion,"{""en_US"": ""Rule to suggest counterpart entry""}",,
1085,7637,2,,,invoice_matching,"{""en_US"": ""Rule to match invoices/bills""}",,
1086,7640,0,,,old_first,"{""en_US"": ""Oldest first""}",,
1087,7640,1,,,new_first,"{""en_US"": ""Newest first""}",,
1088,7645,0,,,amount_received,"{""en_US"": ""Received""}",,
1089,7645,1,,,amount_paid,"{""en_US"": ""Paid""}",,
1090,7645,2,,,both,"{""en_US"": ""Paid/Received""}",,
1091,7646,0,,,lower,"{""en_US"": ""Is Lower Than""}",,
1092,7646,1,,,greater,"{""en_US"": ""Is Greater Than""}",,
1093,7646,2,,,between,"{""en_US"": ""Is Between""}",,
1094,7649,0,,,contains,"{""en_US"": ""Contains""}",,
1095,7649,1,,,not_contains,"{""en_US"": ""Not Contains""}",,
1096,7649,2,,,match_regex,"{""en_US"": ""Match Regex""}",,
1097,7651,0,,,contains,"{""en_US"": ""Contains""}",,
1098,7651,1,,,not_contains,"{""en_US"": ""Not Contains""}",,
1099,7651,2,,,match_regex,"{""en_US"": ""Match Regex""}",,
1100,7653,0,,,contains,"{""en_US"": ""Contains""}",,
1101,7653,1,,,not_contains,"{""en_US"": ""Not Contains""}",,
1102,7653,2,,,match_regex,"{""en_US"": ""Match Regex""}",,
1103,7658,0,,,percentage,"{""en_US"": ""in percentage""}",,
1104,7658,1,,,fixed_amount,"{""en_US"": ""in amount""}",,
1105,7690,0,,,included,"{""en_US"": ""On early payment""}",,
1106,7690,1,,,excluded,"{""en_US"": ""Never""}",,
1107,7690,2,,,mixed,"{""en_US"": ""Always (upon invoice)""}",,
1108,7698,0,,,percent,"{""en_US"": ""Percent""}",,
1109,7698,1,,,fixed,"{""en_US"": ""Fixed""}",,
1110,7700,0,,,days_after,"{""en_US"": ""Days after invoice date""}",,
1111,7700,1,,,days_after_end_of_month,"{""en_US"": ""Days after end of month""}",,
1112,7700,2,,,days_after_end_of_next_month,"{""en_US"": ""Days after end of next month""}",,
1113,7712,0,,,overdue,"{""en_US"": ""Overdue""}",,
1114,7712,1,,,today,"{""en_US"": ""Today""}",,
1115,7712,2,,,planned,"{""en_US"": ""Planned""}",,
1116,7719,0,,,warning,"{""en_US"": ""Alert""}",,
1117,7719,1,,,danger,"{""en_US"": ""Error""}",,
1118,7741,0,,,draft,"{""en_US"": ""Draft""}",,
1119,7741,1,,,posted,"{""en_US"": ""Posted""}",,
1120,7741,2,,,cancel,"{""en_US"": ""Cancelled""}",,
1121,7742,0,,,entry,"{""en_US"": ""Journal Entry""}",,
1122,7742,1,,,out_invoice,"{""en_US"": ""Customer Invoice""}",,
1123,7742,2,,,out_refund,"{""en_US"": ""Customer Credit Note""}",,
1124,7742,3,,,in_invoice,"{""en_US"": ""Vendor Bill""}",,
1125,7742,4,,,in_refund,"{""en_US"": ""Vendor Credit Note""}",,
1126,7742,5,,,out_receipt,"{""en_US"": ""Sales Receipt""}",,
1127,7742,6,,,in_receipt,"{""en_US"": ""Purchase Receipt""}",,
1128,7754,0,,,no,"{""en_US"": ""No""}",,
1129,7754,1,,,at_date,"{""en_US"": ""At Date""}",,
1130,7754,2,,,monthly,"{""en_US"": ""Monthly""}",,
1131,7754,3,,,quarterly,"{""en_US"": ""Quarterly""}",,
1132,7754,4,,,yearly,"{""en_US"": ""Yearly""}",,
1133,7804,0,,,not_paid,"{""en_US"": ""Not Paid""}",,
1134,7804,1,,,in_payment,"{""en_US"": ""In Payment""}",,
1135,7804,2,,,paid,"{""en_US"": ""Paid""}",,
1136,7804,3,,,partial,"{""en_US"": ""Partially Paid""}",,
1137,7804,4,,,reversed,"{""en_US"": ""Reversed""}",,
1138,7804,5,,,invoicing_legacy,"{""en_US"": ""Invoicing App Legacy""}",,
1139,7898,0,,,product,"{""en_US"": ""Product""}",,
1140,7898,1,,,cogs,"{""en_US"": ""Cost of Goods Sold""}",,
1141,7898,2,,,tax,"{""en_US"": ""Tax""}",,
1142,7898,3,,,discount,"{""en_US"": ""Discount""}",,
1143,7898,4,,,rounding,"{""en_US"": ""Rounding""}",,
1144,7898,5,,,payment_term,"{""en_US"": ""Payment Term""}",,
1145,7898,6,,,line_section,"{""en_US"": ""Section""}",,
1146,7898,7,,,line_note,"{""en_US"": ""Note""}",,
1147,7898,8,,,epd,"{""en_US"": ""Early Payment Discount""}",,
1148,7960,0,,,overdue,"{""en_US"": ""Overdue""}",,
1149,7960,1,,,today,"{""en_US"": ""Today""}",,
1150,7960,2,,,planned,"{""en_US"": ""Planned""}",,
1151,7967,0,,,warning,"{""en_US"": ""Alert""}",,
1152,7967,1,,,danger,"{""en_US"": ""Error""}",,
1153,7996,0,,,outbound,"{""en_US"": ""Send""}",,
1154,7996,1,,,inbound,"{""en_US"": ""Receive""}",,
1155,7997,0,,,customer,"{""en_US"": ""Customer""}",,
1156,7997,1,,,supplier,"{""en_US"": ""Vendor""}",,
1157,8006,0,,,credit_note,"{""en_US"": ""Credit Note""}",,
1158,8006,1,,,invoice,"{""en_US"": ""Invoice""}",,
1159,8130,0,,,inbound,"{""en_US"": ""Inbound""}",,
1160,8130,1,,,outbound,"{""en_US"": ""Outbound""}",,
1161,4641,1,,,invoice,"{""en_US"": ""Invoice""}",,
1162,4641,2,,,bill,"{""en_US"": ""Vendor Bill""}",,
1163,4693,1,,,invoice,"{""en_US"": ""Customer Invoice""}",,
1164,4693,2,,,vendor_bill,"{""en_US"": ""Vendor Bill""}",,
1165,8378,0,,,1,"{""en_US"": ""January""}",,
1166,8378,1,,,2,"{""en_US"": ""February""}",,
1167,8378,2,,,3,"{""en_US"": ""March""}",,
1168,8378,3,,,4,"{""en_US"": ""April""}",,
1169,8378,4,,,5,"{""en_US"": ""May""}",,
1170,8378,5,,,6,"{""en_US"": ""June""}",,
1171,8378,6,,,7,"{""en_US"": ""July""}",,
1172,8378,7,,,8,"{""en_US"": ""August""}",,
1173,8378,8,,,9,"{""en_US"": ""September""}",,
1174,8378,9,,,10,"{""en_US"": ""October""}",,
1175,8378,10,,,11,"{""en_US"": ""November""}",,
1176,8378,11,,,12,"{""en_US"": ""December""}",,
1177,8398,0,,,round_per_line,"{""en_US"": ""Round per Line""}",,
1178,8398,1,,,round_globally,"{""en_US"": ""Round Globally""}",,
1179,8414,0,,,plain,"{""en_US"": ""Add a Note""}",,
1180,8414,1,,,html,"{""en_US"": ""Add a link to a Web Page""}",,
1181,8429,0,,,out_invoices,"{""en_US"": ""Customer Invoices""}",,
1182,8429,1,,,in_invoices,"{""en_US"": ""Vendor Bills""}",,
1183,8429,2,,,out_and_in_invoices,"{""en_US"": ""Customer Invoices and Vendor Bills""}",,
1184,8498,0,,,biggest_tax,"{""en_US"": ""Modify tax amount""}",,
1185,8498,1,,,add_invoice_line,"{""en_US"": ""Add a rounding line""}",,
1186,8501,0,,,UP,"{""en_US"": ""UP""}",,
1187,8501,1,,,DOWN,"{""en_US"": ""DOWN""}",,
1188,8501,2,,,HALF-UP,"{""en_US"": ""HALF-UP""}",,
1189,8536,0,,,country,"{""en_US"": ""Country Matches""}",,
1190,8536,1,,,coa,"{""en_US"": ""Chart of Accounts Matches""}",,
1191,8536,2,,,always,"{""en_US"": ""Always""}",,
1192,8540,0,,,this_year,"{""en_US"": ""This Year""}",,
1193,8540,1,,,this_quarter,"{""en_US"": ""This Quarter""}",,
1194,8540,2,,,this_month,"{""en_US"": ""This Month""}",,
1195,8540,3,,,today,"{""en_US"": ""Today""}",,
1196,8540,4,,,last_month,"{""en_US"": ""Last Month""}",,
1197,8540,5,,,last_quarter,"{""en_US"": ""Last Quarter""}",,
1198,8540,6,,,last_year,"{""en_US"": ""Last Year""}",,
1199,8540,7,,,this_tax_period,"{""en_US"": ""This Tax Period""}",,
1200,8540,8,,,last_tax_period,"{""en_US"": ""Last Tax Period""}",,
1201,8541,0,,,disabled,"{""en_US"": ""Disabled""}",,
1202,8541,1,,,selector,"{""en_US"": ""Use Company Selector""}",,
1203,8541,2,,,tax_units,"{""en_US"": ""Use Tax Units""}",,
1204,8546,0,,,by_default,"{""en_US"": ""Enabled by Default""}",,
1205,8546,1,,,optional,"{""en_US"": ""Optional""}",,
1206,8546,2,,,never,"{""en_US"": ""Never""}",,
1207,8551,0,,,by_default,"{""en_US"": ""Enabled by Default""}",,
1208,8551,1,,,optional,"{""en_US"": ""Optional""}",,
1209,8551,2,,,never,"{""en_US"": ""Never""}",,
1210,8552,0,,,both,"{""en_US"": ""Payable and receivable""}",,
1211,8552,1,,,payable,"{""en_US"": ""Payable""}",,
1212,8552,2,,,receivable,"{""en_US"": ""Receivable""}",,
1213,8552,3,,,disabled,"{""en_US"": ""Disabled""}",,
1214,8589,0,,,domain,"{""en_US"": ""Odoo Domain""}",,
1215,8589,1,,,tax_tags,"{""en_US"": ""Tax Tags""}",,
1216,8589,2,,,aggregation,"{""en_US"": ""Aggregate Other Formulas""}",,
1217,8589,3,,,account_codes,"{""en_US"": ""Prefix of Account Codes""}",,
1218,8589,4,,,external,"{""en_US"": ""External Value""}",,
1219,8589,5,,,custom,"{""en_US"": ""Custom Python Function""}",,
1220,8592,0,,,from_beginning,"{""en_US"": ""From the very start""}",,
1221,8592,1,,,from_fiscalyear,"{""en_US"": ""From the start of the fiscal year""}",,
1222,8592,2,,,to_beginning_of_fiscalyear,"{""en_US"": ""At the beginning of the fiscal year""}",,
1223,8592,3,,,to_beginning_of_period,"{""en_US"": ""At the beginning of the period""}",,
1224,8592,4,,,normal,"{""en_US"": ""According to each type of account""}",,
1225,8592,5,,,strict_range,"{""en_US"": ""Strictly on the given dates""}",,
1226,8592,6,,,previous_tax_period,"{""en_US"": ""From previous tax period""}",,
1227,8593,0,,,monetary,"{""en_US"": ""Monetary""}",,
1228,8593,1,,,percentage,"{""en_US"": ""Percentage""}",,
1229,8593,2,,,integer,"{""en_US"": ""Integer""}",,
1230,8593,3,,,float,"{""en_US"": ""Float""}",,
1231,8593,4,,,date,"{""en_US"": ""Date""}",,
1232,8593,5,,,datetime,"{""en_US"": ""Datetime""}",,
1233,8593,6,,,boolean,"{""en_US"": ""Boolean""}",,
1234,8593,7,,,string,"{""en_US"": ""String""}",,
1235,8609,0,,,monetary,"{""en_US"": ""Monetary""}",,
1236,8609,1,,,percentage,"{""en_US"": ""Percentage""}",,
1237,8609,2,,,integer,"{""en_US"": ""Integer""}",,
1238,8609,3,,,float,"{""en_US"": ""Float""}",,
1239,8609,4,,,date,"{""en_US"": ""Date""}",,
1240,8609,5,,,datetime,"{""en_US"": ""Datetime""}",,
1241,8609,6,,,boolean,"{""en_US"": ""Boolean""}",,
1242,8609,7,,,string,"{""en_US"": ""String""}",,
1243,8637,0,,,change_period,"{""en_US"": ""Change Period""}",,
1244,8637,1,,,change_account,"{""en_US"": ""Change Account""}",,
1245,8647,0,,,income,"{""en_US"": ""Revenue""}",,
1246,8647,1,,,expense,"{""en_US"": ""Expense""}",,
1247,8693,0,,,keep,"{""en_US"": ""Keep current order""}",,
1248,8693,1,,,date,"{""en_US"": ""Reorder by accounting date""}",,
1249,8772,0,,,invoice_single,"{""en_US"": ""Invoice Single""}",,
1250,8772,1,,,invoice_multi,"{""en_US"": ""Invoice Multi""}",,
1251,8805,0,,,outbound,"{""en_US"": ""Send Money""}",,
1252,8805,1,,,inbound,"{""en_US"": ""Receive Money""}",,
1253,8806,0,,,customer,"{""en_US"": ""Customer""}",,
1254,8806,1,,,supplier,"{""en_US"": ""Vendor""}",,
1255,8817,0,,,open,"{""en_US"": ""Keep open""}",,
1256,8817,1,,,reconcile,"{""en_US"": ""Mark as fully paid""}",,
1257,8871,0,,,out_invoice,"{""en_US"": ""Customer Invoice""}",,
1258,8871,1,,,in_invoice,"{""en_US"": ""Vendor Bill""}",,
1259,8871,2,,,out_refund,"{""en_US"": ""Customer Credit Note""}",,
1260,8871,3,,,in_refund,"{""en_US"": ""Vendor Credit Note""}",,
1261,8872,0,,,draft,"{""en_US"": ""Draft""}",,
1262,8872,1,,,posted,"{""en_US"": ""Open""}",,
1263,8872,2,,,cancel,"{""en_US"": ""Cancelled""}",,
1264,8873,0,,,not_paid,"{""en_US"": ""Not Paid""}",,
1265,8873,1,,,in_payment,"{""en_US"": ""In Payment""}",,
1266,8873,2,,,paid,"{""en_US"": ""Paid""}",,
1267,8873,3,,,partial,"{""en_US"": ""Partially Paid""}",,
1268,8873,4,,,reversed,"{""en_US"": ""Reversed""}",,
1269,8873,5,,,invoicing_legacy,"{""en_US"": ""Invoicing App Legacy""}",,
1270,6857,1,,,sms,"{""en_US"": ""SMS""}",,
1271,6871,1,,,sms,"{""en_US"": ""SMS""}",,
1272,9000,0,,,first_step_operator,"{""en_US"": ""First Step Operator""}",,
1273,9000,1,,,first_step_invalid,"{""en_US"": ""First Step Invalid""}",,
1274,9021,0,,,text,"{""en_US"": ""Text""}",,
1275,9021,1,,,question_selection,"{""en_US"": ""Question""}",,
1276,9021,2,,,question_email,"{""en_US"": ""Email""}",,
1277,9021,3,,,question_phone,"{""en_US"": ""Phone""}",,
1278,9021,4,,,forward_operator,"{""en_US"": ""Forward to Operator""}",,
1279,9021,5,,,free_input_single,"{""en_US"": ""Free Input""}",,
1280,9021,6,,,free_input_multi,"{""en_US"": ""Free Input (Multi-Line)""}",,
1281,9066,0,,,display_button,"{""en_US"": ""Show""}",,
1282,9066,1,,,display_button_and_text,"{""en_US"": ""Show with notification""}",,
1283,9066,2,,,auto_popup,"{""en_US"": ""Open automatically""}",,
1284,9066,3,,,hide_button,"{""en_US"": ""Hide""}",,
1285,2347,3,,,livechat,"{""en_US"": ""Livechat Conversation""}",,
1286,9084,0,,,top,"{""en_US"": ""Satisfied""}",,
1287,9084,1,,,ok,"{""en_US"": ""Okay""}",,
1288,9084,2,,,ko,"{""en_US"": ""Dissatisfied""}",,
1289,9084,3,,,none,"{""en_US"": ""No Rating yet""}",,
1290,9146,0,,,facturx,"{""en_US"": ""Factur-X (CII)""}",,
1291,9146,1,,,ubl_bis3,"{""en_US"": ""BIS Billing 3.0""}",,
1292,9146,2,,,xrechnung,"{""en_US"": ""XRechnung CIUS""}",,
1293,9146,3,,,nlcius,"{""en_US"": ""NLCIUS""}",,
1294,9146,4,,,ubl_a_nz,"{""en_US"": ""BIS Billing 3.0 A-NZ""}",,
1295,9146,5,,,ubl_sg,"{""en_US"": ""BIS Billing 3.0 SG""}",,
1296,9148,0,,,0002,"{""en_US"": ""0002 - System Information et Repertoire des Entreprise et des Etablissements: SIRENE""}",,
1297,9148,1,,,0007,"{""en_US"": ""0007 - Organisationsnummer (Swedish legal entities)""}",,
1298,9148,2,,,0009,"{""en_US"": ""0009 - SIRET-CODE""}",,
1299,9148,3,,,0037,"{""en_US"": ""0037 - LY-tunnus""}",,
1300,9148,4,,,0060,"{""en_US"": ""0060 - Data Universal Numbering System (D-U-N-S Number)""}",,
1301,9148,5,,,0088,"{""en_US"": ""0088 - EAN Location Code""}",,
1302,9148,6,,,0096,"{""en_US"": ""0096 - DANISH CHAMBER OF COMMERCE Scheme (EDIRA compliant)""}",,
1303,9148,7,,,0097,"{""en_US"": ""0097 - FTI - Ediforum Italia, (EDIRA compliant)""}",,
1304,9148,8,,,0106,"{""en_US"": ""0106 - Association of Chambers of Commerce and Industry in the Netherlands, (EDIRA compliant)""}",,
1305,9148,9,,,0130,"{""en_US"": ""0130 - Directorates of the European Commission""}",,
1306,9148,10,,,0135,"{""en_US"": ""0135 - SIA Object Identifiers""}",,
1307,9148,11,,,0142,"{""en_US"": ""0142 - SECETI Object Identifiers""}",,
1308,9148,12,,,0151,"{""en_US"": ""0151 - Australian Business Number (ABN) Scheme""}",,
1309,9148,13,,,0183,"{""en_US"": ""0183 - Swiss Unique Business Identification Number (UIDB)""}",,
1310,9148,14,,,0184,"{""en_US"": ""0184 - DIGSTORG""}",,
1311,9148,15,,,0188,"{""en_US"": ""0188 - Corporate Number of The Social Security and Tax Number System""}",,
1312,9148,16,,,0190,"{""en_US"": ""0190 - Dutch Originator's Identification Number""}",,
1313,9148,17,,,0191,"{""en_US"": ""0191 - Centre of Registers and Information Systems of the Ministry of Justice""}",,
1314,9148,18,,,0192,"{""en_US"": ""0192 - Enhetsregisteret ved Bronnoysundregisterne""}",,
1315,9148,19,,,0193,"{""en_US"": ""0193 - UBL.BE party identifier""}",,
1316,9148,20,,,0195,"{""en_US"": ""0195 - Singapore UEN identifier""}",,
1317,9148,21,,,0196,"{""en_US"": ""0196 - Kennitala - Iceland legal id for individuals and legal entities""}",,
1318,9148,22,,,0198,"{""en_US"": ""0198 - ERSTORG""}",,
1319,9148,23,,,0199,"{""en_US"": ""0199 - Legal Entity Identifier (LEI)""}",,
1320,9148,24,,,0200,"{""en_US"": ""0200 - Legal entity code (Lithuania)""}",,
1321,9148,25,,,0201,"{""en_US"": ""0201 - Codice Univoco Unità Organizzativa iPA""}",,
1322,9148,26,,,0202,"{""en_US"": ""0202 - Indirizzo di Posta Elettronica Certificata""}",,
1323,9148,27,,,0204,"{""en_US"": ""0204 - Leitweg-ID""}",,
1324,9148,28,,,0208,"{""en_US"": ""0208 - Numero d'entreprise / ondernemingsnummer / Unternehmensnummer""}",,
1325,9148,29,,,0209,"{""en_US"": ""0209 - GS1 identification keys""}",,
1326,9148,30,,,0210,"{""en_US"": ""0210 - CODICE FISCALE""}",,
1327,9148,31,,,0211,"{""en_US"": ""0211 - PARTITA IVA""}",,
1328,9148,32,,,0212,"{""en_US"": ""0212 - Finnish Organization Identifier""}",,
1329,9148,33,,,0213,"{""en_US"": ""0213 - Finnish Organization Value Add Tax Identifier""}",,
1330,9148,34,,,0215,"{""en_US"": ""0215 - Net service ID""}",,
1331,9148,35,,,0216,"{""en_US"": ""0216 - OVTcode""}",,
1332,9148,36,,,0221,"{""en_US"": ""0221 - The registered number of the qualified invoice issuer (Japan)""}",,
1333,9148,37,,,0230,"{""en_US"": ""0230 - National e-Invoicing Framework (Malaysia)""}",,
1334,9148,38,,,9901,"{""en_US"": ""9901 - Danish Ministry of the Interior and Health""}",,
1335,9148,39,,,9910,"{""en_US"": ""9910 - Hungary VAT number""}",,
1336,9148,40,,,9913,"{""en_US"": ""9913 - Business Registers Network""}",,
1337,9148,41,,,9914,"{""en_US"": ""9914 - Österreichische Umsatzsteuer-Identifikationsnummer""}",,
1338,9148,42,,,9915,"{""en_US"": ""9915 - Österreichisches Verwaltungs bzw. Organisationskennzeichen""}",,
1339,9148,43,,,9918,"{""en_US"": ""9918 - SOCIETY FOR WORLDWIDE INTERBANK FINANCIAL, TELECOMMUNICATION S.W.I.F.T""}",,
1340,9148,44,,,9919,"{""en_US"": ""9919 - Kennziffer des Unternehmensregisters""}",,
1341,9148,45,,,9920,"{""en_US"": ""9920 - Agencia Española de Administración Tributaria""}",,
1342,9148,46,,,9922,"{""en_US"": ""9922 - Andorra VAT number""}",,
1343,9148,47,,,9923,"{""en_US"": ""9923 - Albania VAT number""}",,
1344,9148,48,,,9924,"{""en_US"": ""9924 - Bosnia and Herzegovina VAT number""}",,
1345,9148,49,,,9925,"{""en_US"": ""9925 - Belgium VAT number""}",,
1346,9148,50,,,9926,"{""en_US"": ""9926 - Bulgaria VAT number""}",,
1347,9148,51,,,9927,"{""en_US"": ""9927 - Switzerland VAT number""}",,
1348,9148,52,,,9928,"{""en_US"": ""9928 - Cyprus VAT number""}",,
1349,9148,53,,,9929,"{""en_US"": ""9929 - Czech Republic VAT number""}",,
1350,9148,54,,,9930,"{""en_US"": ""9930 - Germany VAT number""}",,
1351,9148,55,,,9931,"{""en_US"": ""9931 - Estonia VAT number""}",,
1352,9148,56,,,9932,"{""en_US"": ""9932 - United Kingdom VAT number""}",,
1353,9148,57,,,9933,"{""en_US"": ""9933 - Greece VAT number""}",,
1354,9148,58,,,9934,"{""en_US"": ""9934 - Croatia VAT number""}",,
1355,9148,59,,,9935,"{""en_US"": ""9935 - Ireland VAT number""}",,
1356,9148,60,,,9936,"{""en_US"": ""9936 - Liechtenstein VAT number""}",,
1357,9148,61,,,9937,"{""en_US"": ""9937 - Lithuania VAT number""}",,
1358,9148,62,,,9938,"{""en_US"": ""9938 - Luxemburg VAT number""}",,
1359,9148,63,,,9939,"{""en_US"": ""9939 - Latvia VAT number""}",,
1360,9148,64,,,9940,"{""en_US"": ""9940 - Monaco VAT number""}",,
1361,9148,65,,,9941,"{""en_US"": ""9941 - Montenegro VAT number""}",,
1362,9148,66,,,9942,"{""en_US"": ""9942 - Macedonia, the former Yugoslav Republic of VAT number""}",,
1363,9148,67,,,9943,"{""en_US"": ""9943 - Malta VAT number""}",,
1364,9148,68,,,9944,"{""en_US"": ""9944 - Netherlands VAT number""}",,
1365,9148,69,,,9945,"{""en_US"": ""9945 - Poland VAT number""}",,
1366,9148,70,,,9946,"{""en_US"": ""9946 - Portugal VAT number""}",,
1367,9148,71,,,9947,"{""en_US"": ""9947 - Romania VAT number""}",,
1368,9148,72,,,9948,"{""en_US"": ""9948 - Serbia VAT number""}",,
1369,9148,73,,,9949,"{""en_US"": ""9949 - Slovenia VAT number""}",,
1370,9148,74,,,9950,"{""en_US"": ""9950 - Slovakia VAT number""}",,
1371,9148,75,,,9951,"{""en_US"": ""9951 - San Marino VAT number""}",,
1372,9148,76,,,9952,"{""en_US"": ""9952 - Turkey VAT number""}",,
1373,9148,77,,,9953,"{""en_US"": ""9953 - Holy See (Vatican City State) VAT number""}",,
1374,9148,78,,,9955,"{""en_US"": ""9955 - Swedish VAT number""}",,
1375,9148,79,,,9957,"{""en_US"": ""9957 - French VAT number""}",,
1376,9148,80,,,9959,"{""en_US"": ""9959 - Employer Identification Number (EIN, USA)""}",,
1377,9199,0,,,full_only,"{""en_US"": ""Full Only""}",,
1378,9199,1,,,partial,"{""en_US"": ""Partial""}",,
1379,7700,3,,,days_end_of_month_on_the,"{""en_US"": ""Days end of month on the""}",,
1380,2647,7,,,onboarding_canned,"{""en_US"": ""Onboarding canned""}",,
1381,4641,3,,,sale_order,"{""en_US"": ""Sale Order""}",,
1382,9279,0,,,so_name,"{""en_US"": ""Based on Document Reference""}",,
1383,9279,1,,,partner,"{""en_US"": ""Based on Customer ID""}",,
1384,9282,0,,,quotation,"{""en_US"": ""Quotation""}",,
1385,9282,1,,,sale_order,"{""en_US"": ""Confirmed order""}",,
1386,9293,0,,,manual,"{""en_US"": ""Manually set quantities on order""}",,
1387,9294,0,,,no-message,"{""en_US"": ""No Message""}",,
1388,9294,1,,,warning,"{""en_US"": ""Warning""}",,
1389,9294,2,,,block,"{""en_US"": ""Blocking Message""}",,
1390,9296,0,,,no,"{""en_US"": ""No""}",,
1391,9296,1,,,cost,"{""en_US"": ""At cost""}",,
1392,9296,2,,,sales_price,"{""en_US"": ""Sales price""}",,
1393,9299,0,,,order,"{""en_US"": ""Ordered quantities""}",,
1394,9299,1,,,delivery,"{""en_US"": ""Delivered quantities""}",,
1395,9306,0,,,digital_signature,"{""en_US"": ""Sign online""}",,
1396,9306,1,,,paypal,"{""en_US"": ""PayPal""}",,
1397,9306,2,,,stripe,"{""en_US"": ""Stripe""}",,
1398,9306,3,,,other,"{""en_US"": ""Pay with another payment provider""}",,
1399,9306,4,,,manual,"{""en_US"": ""Manual Payment""}",,
1400,9309,0,,,no-message,"{""en_US"": ""No Message""}",,
1401,9309,1,,,warning,"{""en_US"": ""Warning""}",,
1402,9309,2,,,block,"{""en_US"": ""Blocking Message""}",,
1403,9315,0,,,overdue,"{""en_US"": ""Overdue""}",,
1404,9315,1,,,today,"{""en_US"": ""Today""}",,
1405,9315,2,,,planned,"{""en_US"": ""Planned""}",,
1406,9322,0,,,warning,"{""en_US"": ""Alert""}",,
1407,9322,1,,,danger,"{""en_US"": ""Error""}",,
1408,9343,0,,,draft,"{""en_US"": ""Quotation""}",,
1409,9343,1,,,sent,"{""en_US"": ""Quotation Sent""}",,
1410,9343,2,,,sale,"{""en_US"": ""Sales Order""}",,
1411,9343,3,,,cancel,"{""en_US"": ""Cancelled""}",,
1412,9377,0,,,upselling,"{""en_US"": ""Upselling Opportunity""}",,
1413,9377,1,,,invoiced,"{""en_US"": ""Fully Invoiced""}",,
1414,9377,2,,,to invoice,"{""en_US"": ""To Invoice""}",,
1415,9377,3,,,no,"{""en_US"": ""Nothing to Invoice""}",,
1416,9412,0,,,line_section,"{""en_US"": ""Section""}",,
1417,9412,1,,,line_note,"{""en_US"": ""Note""}",,
1418,9435,0,,,manual,"{""en_US"": ""Manual""}",,
1419,9435,1,,,analytic,"{""en_US"": ""Analytic From Expenses""}",,
1420,9441,0,,,upselling,"{""en_US"": ""Upselling Opportunity""}",,
1421,9441,1,,,invoiced,"{""en_US"": ""Fully Invoiced""}",,
1422,9441,2,,,to invoice,"{""en_US"": ""To Invoice""}",,
1423,9441,3,,,no,"{""en_US"": ""Nothing to Invoice""}",,
1424,9466,0,,,draft,"{""en_US"": ""Quotation""}",,
1425,9466,1,,,sent,"{""en_US"": ""Quotation Sent""}",,
1426,9466,2,,,sale,"{""en_US"": ""Sales Order""}",,
1427,9466,3,,,cancel,"{""en_US"": ""Cancelled""}",,
1428,9468,0,,,upselling,"{""en_US"": ""Upselling Opportunity""}",,
1429,9468,1,,,invoiced,"{""en_US"": ""Fully Invoiced""}",,
1430,9468,2,,,to invoice,"{""en_US"": ""To Invoice""}",,
1431,9468,3,,,no,"{""en_US"": ""Nothing to Invoice""}",,
1432,9477,0,,,sale.order,"{""en_US"": ""Sales Order""}",,
1433,9510,0,,,digital_signature,"{""en_US"": ""Electronic signature""}",,
1434,9510,1,,,stripe,"{""en_US"": ""Credit & Debit card (via Stripe)""}",,
1435,9510,2,,,paypal,"{""en_US"": ""PayPal""}",,
1436,9510,3,,,manual,"{""en_US"": ""Custom payment instructions""}",,
1437,9524,0,,,order,"{""en_US"": ""Invoice what is ordered""}",,
1438,9524,1,,,delivery,"{""en_US"": ""Invoice what is delivered""}",,
1439,9549,0,,,delivered,"{""en_US"": ""Regular invoice""}",,
1440,9549,1,,,percentage,"{""en_US"": ""Down payment (percentage)""}",,
1441,9549,2,,,fixed,"{""en_US"": ""Down payment (fixed amount)""}",,
1442,9595,0,,,sol_discount,"{""en_US"": ""On All Order Lines""}",,
1443,9595,1,,,so_discount,"{""en_US"": ""Global Discount""}",,
1444,9595,2,,,amount,"{""en_US"": ""Fixed Amount""}",,
1445,9658,0,,,simple_choice,"{""en_US"": ""Selection""}",,
1446,9658,1,,,text_box,"{""en_US"": ""Text Input""}",,
1447,9658,2,,,name,"{""en_US"": ""Name""}",,
1448,9658,3,,,email,"{""en_US"": ""Email""}",,
1449,9658,4,,,phone,"{""en_US"": ""Phone""}",,
1450,9658,5,,,company_name,"{""en_US"": ""Company""}",,
1451,9713,0,,,community,"{""en_US"": ""Community Menu""}",,
1452,9713,1,,,introduction,"{""en_US"": ""Introduction""}",,
1453,9713,2,,,location,"{""en_US"": ""Location""}",,
1454,9713,3,,,register,"{""en_US"": ""Register""}",,
1455,9726,0,,,none,"{""en_US"": ""None""}",,
1456,9726,1,,,paypal_only,"{""en_US"": ""Paypal Only""}",,
1457,9726,2,,,other_than_paypal,"{""en_US"": ""Other than Paypal""}",,
1458,9738,0,,,base_on_rule,"{""en_US"": ""Based on Rules""}",,
1459,9738,1,,,fixed,"{""en_US"": ""Fixed Price""}",,
1460,9739,0,,,rate,"{""en_US"": ""Get Rate""}",,
1461,9739,1,,,rate_and_ship,"{""en_US"": ""Get Rate and Create Shipment""}",,
1462,9745,0,,,estimated,"{""en_US"": ""Estimated cost""}",,
1463,9771,0,,,weight,"{""en_US"": ""Weight""}",,
1464,9771,1,,,volume,"{""en_US"": ""Volume""}",,
1465,9771,2,,,wv,"{""en_US"": ""Weight * Volume""}",,
1466,9771,3,,,price,"{""en_US"": ""Price""}",,
1467,9771,4,,,quantity,"{""en_US"": ""Quantity""}",,
1468,9772,0,,,==,"{""en_US"": ""=""}",,
1469,9772,1,,,<=,"{""en_US"": ""<=""}",,
1470,9772,2,,,<,"{""en_US"": ""<""}",,
1471,9772,3,,,>=,"{""en_US"": "">=""}",,
1472,9772,4,,,>,"{""en_US"": "">""}",,
1473,9776,0,,,weight,"{""en_US"": ""Weight""}",,
1474,9776,1,,,volume,"{""en_US"": ""Volume""}",,
1475,9776,2,,,wv,"{""en_US"": ""Weight * Volume""}",,
1476,9776,3,,,price,"{""en_US"": ""Price""}",,
1477,9776,4,,,quantity,"{""en_US"": ""Quantity""}",,
1478,5575,4,,,sale_quotation_count,"{""en_US"": ""Quotations""}",,
1479,5575,5,,,sale_invoiced_amount,"{""en_US"": ""Revenues""}",,
1480,9876,0,,,line_section,"{""en_US"": ""Section""}",,
1481,9876,1,,,line_note,"{""en_US"": ""Note""}",,
1482,4809,3,,,slides,"{""en_US"": ""Website / Slides""}",,
1483,9975,0,,,infographic,"{""en_US"": ""Image""}",,
1484,9975,1,,,article,"{""en_US"": ""Article""}",,
1485,9975,2,,,document,"{""en_US"": ""Document""}",,
1486,9975,3,,,video,"{""en_US"": ""Video""}",,
1487,9975,4,,,quiz,"{""en_US"": ""Quiz""}",,
1488,9976,0,,,local_file,"{""en_US"": ""Upload from Device""}",,
1489,9976,1,,,external,"{""en_US"": ""Retrieve from Google Drive""}",,
1490,9986,0,,,image,"{""en_US"": ""Image""}",,
1491,9986,1,,,article,"{""en_US"": ""Article""}",,
1492,9986,2,,,quiz,"{""en_US"": ""Quiz""}",,
1493,9986,3,,,pdf,"{""en_US"": ""PDF""}",,
1494,9986,4,,,sheet,"{""en_US"": ""Sheet (Excel, Google Sheet, ...)""}",,
1495,9986,5,,,doc,"{""en_US"": ""Document (Word, Google Doc, ...)""}",,
1496,9986,6,,,slides,"{""en_US"": ""Slides (PowerPoint, Google Slides, ...)""}",,
1497,9986,7,,,youtube_video,"{""en_US"": ""YouTube Video""}",,
1498,9986,8,,,google_drive_video,"{""en_US"": ""Google Drive Video""}",,
1499,9986,9,,,vimeo_video,"{""en_US"": ""Vimeo Video""}",,
1500,9990,0,,,youtube,"{""en_US"": ""YouTube""}",,
1501,9990,1,,,google_drive,"{""en_US"": ""Google Drive""}",,
1502,9990,2,,,vimeo,"{""en_US"": ""Vimeo""}",,
1503,10057,0,,,invited,"{""en_US"": ""Invite Sent""}",,
1504,10057,1,,,joined,"{""en_US"": ""Joined""}",,
1505,10057,2,,,ongoing,"{""en_US"": ""Ongoing""}",,
1506,10057,3,,,completed,"{""en_US"": ""Finished""}",,
1507,10094,0,,,overdue,"{""en_US"": ""Overdue""}",,
1508,10094,1,,,today,"{""en_US"": ""Today""}",,
1509,10094,2,,,planned,"{""en_US"": ""Planned""}",,
1510,10101,0,,,warning,"{""en_US"": ""Alert""}",,
1511,10101,1,,,danger,"{""en_US"": ""Error""}",,
1512,10121,0,,,top,"{""en_US"": ""Satisfied""}",,
1513,10121,1,,,ok,"{""en_US"": ""Okay""}",,
1514,10121,2,,,ko,"{""en_US"": ""Dissatisfied""}",,
1515,10121,3,,,none,"{""en_US"": ""No Rating yet""}",,
1516,10129,0,,,training,"{""en_US"": ""Training""}",,
1517,10129,1,,,documentation,"{""en_US"": ""Documentation""}",,
1518,10139,0,,,latest,"{""en_US"": ""Latest Created""}",,
1519,10139,1,,,most_voted,"{""en_US"": ""Most Voted""}",,
1520,10139,2,,,most_viewed,"{""en_US"": ""Most Viewed""}",,
1521,10139,3,,,specific,"{""en_US"": ""Select Manually""}",,
1522,10139,4,,,none,"{""en_US"": ""None""}",,
1523,10157,0,,,public,"{""en_US"": ""Open""}",,
1524,10157,1,,,invite,"{""en_US"": ""On Invitation""}",,
1525,10160,0,,,public,"{""en_US"": ""Everyone""}",,
1526,10160,1,,,connected,"{""en_US"": ""Signed In""}",,
1527,10160,2,,,members,"{""en_US"": ""Course Attendees""}",,
1528,10221,0,,,file,"{""en_US"": ""File""}",,
1529,10221,1,,,url,"{""en_US"": ""Link""}",,
1530,10283,0,,,to_pay,"{""en_US"": ""Not Sold""}",,
1531,10283,1,,,sold,"{""en_US"": ""Sold""}",,
1532,10283,2,,,free,"{""en_US"": ""Free""}",,
1533,6267,2,,,event,"{""en_US"": ""Event Ticket""}",,
1534,10306,0,,,draft,"{""en_US"": ""Unconfirmed""}",,
1535,10306,1,,,cancel,"{""en_US"": ""Cancelled""}",,
1536,10306,2,,,open,"{""en_US"": ""Confirmed""}",,
1537,10306,3,,,done,"{""en_US"": ""Attended""}",,
1538,10314,0,,,draft,"{""en_US"": ""Quotation""}",,
1539,10314,1,,,sent,"{""en_US"": ""Quotation Sent""}",,
1540,10314,2,,,sale,"{""en_US"": ""Sales Order""}",,
1541,10314,3,,,cancel,"{""en_US"": ""Cancelled""}",,
1542,10320,0,,,to_pay,"{""en_US"": ""Not Sold""}",,
1543,10320,1,,,sold,"{""en_US"": ""Sold""}",,
1544,10320,2,,,free,"{""en_US"": ""Free""}",,
1545,3441,2,,,course,"{""en_US"": ""Course""}",,
1546,9282,2,,,inside,"{""en_US"": ""Inside quote""}",,
1547,10386,0,,,visible,"{""en_US"": ""Visible""}",,
1548,10386,1,,,hidden,"{""en_US"": ""Hidden""}",,
1549,10500,0,,,top,"{""en_US"": ""Satisfied""}",,
1550,10500,1,,,ok,"{""en_US"": ""Okay""}",,
1551,10500,2,,,ko,"{""en_US"": ""Dissatisfied""}",,
1552,10500,3,,,none,"{""en_US"": ""No Rating yet""}",,
1553,10535,0,,,optional,"{""en_US"": ""Optional""}",,
1554,10535,1,,,disabled,"{""en_US"": ""Disabled (buy as guest)""}",,
1555,10535,2,,,mandatory,"{""en_US"": ""Mandatory (no guest checkout)""}",,
1556,10556,0,,,tax_excluded,"{""en_US"": ""Tax Excluded""}",,
1557,10556,1,,,tax_included,"{""en_US"": ""Tax Included""}",,
1558,10569,0,,,stay,"{""en_US"": ""Stay on Product Page""}",,
1559,10569,1,,,go_to_cart,"{""en_US"": ""Go to cart""}",,
1560,10570,0,,,optional,"{""en_US"": ""Optional""}",,
1561,10570,1,,,disabled,"{""en_US"": ""Disabled (buy as guest)""}",,
1562,10570,2,,,mandatory,"{""en_US"": ""Mandatory (no guest checkout)""}",,
1563,10571,0,,,carousel,"{""en_US"": ""Carousel""}",,
1564,10571,1,,,grid,"{""en_US"": ""Grid""}",,
1565,10573,0,,,none,"{""en_US"": ""Hidden""}",,
1566,10573,1,,,50_pc,"{""en_US"": ""50 %""}",,
1567,10573,2,,,66_pc,"{""en_US"": ""66 %""}",,
1568,10573,3,,,100_pc,"{""en_US"": ""100 %""}",,
1569,10574,0,,,none,"{""en_US"": ""None""}",,
1570,10574,1,,,small,"{""en_US"": ""Small""}",,
1571,10574,2,,,medium,"{""en_US"": ""Medium""}",,
1572,10574,3,,,big,"{""en_US"": ""Big""}",,
1573,9975,5,,,certification,"{""en_US"": ""Certification""}",,
1574,9986,10,,,certification,"{""en_US"": ""Certification""}",,
1575,9293,1,,,milestones,"{""en_US"": ""Project Milestones""}",,
1576,10620,0,,,no,"{""en_US"": ""Nothing""}",,
1577,10620,1,,,task_global_project,"{""en_US"": ""Task""}",,
1578,10620,2,,,task_in_project,"{""en_US"": ""Project & Task""}",,
1579,10620,3,,,project_only,"{""en_US"": ""Project""}",,
1580,9435,2,,,milestones,"{""en_US"": ""Milestones""}",,
1581,10569,2,,,force_dialog,"{""en_US"": ""Let the user decide (dialog)""}",,
1582,7539,4,,,code,"{""en_US"": ""Python Code""}",,
1583,10685,0,,,regular,"{""en_US"": ""Registered Business - Regular""}",,
1584,10685,1,,,composition,"{""en_US"": ""Registered Business - Composition""}",,
1585,10685,2,,,unregistered,"{""en_US"": ""Unregistered Business""}",,
1586,10685,3,,,consumer,"{""en_US"": ""Consumer""}",,
1587,10685,4,,,overseas,"{""en_US"": ""Overseas""}",,
1588,10685,5,,,special_economic_zone,"{""en_US"": ""Special Economic Zone""}",,
1589,10685,6,,,deemed_export,"{""en_US"": ""Deemed Export""}",,
1590,10685,7,,,uin_holders,"{""en_US"": ""UIN Holders""}",,
1591,10709,0,,,regular,"{""en_US"": ""Registered Business - Regular""}",,
1592,10709,1,,,composition,"{""en_US"": ""Registered Business - Composition""}",,
1593,10709,2,,,unregistered,"{""en_US"": ""Unregistered Business""}",,
1594,10709,3,,,consumer,"{""en_US"": ""Consumer""}",,
1595,10709,4,,,overseas,"{""en_US"": ""Overseas""}",,
1596,10709,5,,,special_economic_zone,"{""en_US"": ""Special Economic Zone""}",,
1597,10709,6,,,deemed_export,"{""en_US"": ""Deemed Export""}",,
1598,10709,7,,,uin_holders,"{""en_US"": ""UIN Holders""}",,
1599,10745,0,,,regular,"{""en_US"": ""Registered Business - Regular""}",,
1600,10745,1,,,composition,"{""en_US"": ""Registered Business - Composition""}",,
1601,10745,2,,,unregistered,"{""en_US"": ""Unregistered Business""}",,
1602,10745,3,,,consumer,"{""en_US"": ""Consumer""}",,
1603,10745,4,,,overseas,"{""en_US"": ""Overseas""}",,
1604,10745,5,,,special_economic_zone,"{""en_US"": ""Special Economic Zone""}",,
1605,10745,6,,,deemed_export,"{""en_US"": ""Deemed Export""}",,
1606,10745,7,,,uin_holders,"{""en_US"": ""UIN Holders""}",,
1607,10757,0,,,on_stage_set,"{""en_US"": ""Stage is set to""}",,
1608,10757,1,,,on_user_set,"{""en_US"": ""User is set""}",,
1609,10757,2,,,on_tag_set,"{""en_US"": ""Tag is added""}",,
1610,10757,3,,,on_state_set,"{""en_US"": ""State is set to""}",,
1611,10757,4,,,on_priority_set,"{""en_US"": ""Priority is set to""}",,
1612,10757,5,,,on_archive,"{""en_US"": ""On archived""}",,
1613,10757,6,,,on_unarchive,"{""en_US"": ""On unarchived""}",,
1614,10757,7,,,on_create_or_write,"{""en_US"": ""On save""}",,
1615,10757,8,,,on_create,"{""en_US"": ""On creation""}",,
1616,10757,9,,,on_write,"{""en_US"": ""On update""}",,
1617,10757,10,,,on_unlink,"{""en_US"": ""On deletion""}",,
1618,10757,11,,,on_change,"{""en_US"": ""On UI change""}",,
1619,10757,12,,,on_time,"{""en_US"": ""Based on date field""}",,
1620,10757,13,,,on_time_created,"{""en_US"": ""After creation""}",,
1621,10757,14,,,on_time_updated,"{""en_US"": ""After last update""}",,
1622,10757,15,,,on_message_received,"{""en_US"": ""On incoming message""}",,
1623,10757,16,,,on_message_sent,"{""en_US"": ""On outgoing message""}",,
1624,10757,17,,,on_webhook,"{""en_US"": ""On webhook""}",,
1625,10764,0,,,minutes,"{""en_US"": ""Minutes""}",,
1626,10764,1,,,hour,"{""en_US"": ""Hours""}",,
1627,10764,2,,,day,"{""en_US"": ""Days""}",,
1628,10764,3,,,month,"{""en_US"": ""Months""}",,
1629,339,2,,,base_automation,"{""en_US"": ""Automation Rule""}",,
1630,10809,0,,,draft,"{""en_US"": ""Draft""}",,
1631,10809,1,,,publish,"{""en_US"": ""Published""}",,
1632,10809,2,,,finish,"{""en_US"": ""Finished""}",,
1633,10809,3,,,cancel,"{""en_US"": ""Cancel""}",,
1634,10845,0,,,draft,"{""en_US"": ""Draft""}",,
1635,10845,1,,,submit,"{""en_US"": ""Submitted""}",,
1636,10845,2,,,reject,"{""en_US"": ""Rejected""}",,
1637,10845,3,,,change,"{""en_US"": ""Change Req.""}",,
1638,10845,4,,,accept,"{""en_US"": ""Accepted""}",,
1639,10862,0,,,sub,"{""en_US"": ""Subjective""}",,
1640,10862,1,,,attendance,"{""en_US"": ""Attendance""}",,
1641,10897,0,,,fixed_days,"{""en_US"": ""Fixed Fees of Days""}",,
1642,10897,1,,,fixed_date,"{""en_US"": ""Fixed Fees of Dates""}",,
1643,10901,0,,,before,"{""en_US"": ""Before""}",,
1644,10901,1,,,after,"{""en_US"": ""After""}",,
1645,10930,0,,,draft,"{""en_US"": ""Draft""}",,
1646,10930,1,,,invoice,"{""en_US"": ""Invoice Created""}",,
1647,10930,2,,,cancel,"{""en_US"": ""Cancel""}",,
1648,10946,0,,,student,"{""en_US"": ""Student""}",,
1649,10946,1,,,course,"{""en_US"": ""Course""}",,
1650,10956,0,,,overdue,"{""en_US"": ""Overdue""}",,
1651,10956,1,,,today,"{""en_US"": ""Today""}",,
1652,10956,2,,,planned,"{""en_US"": ""Planned""}",,
1653,10963,0,,,warning,"{""en_US"": ""Alert""}",,
1654,10963,1,,,danger,"{""en_US"": ""Error""}",,
1655,11000,0,,,draft,"{""en_US"": ""Draft""}",,
1656,11000,1,,,submit,"{""en_US"": ""Submitted""}",,
1657,11000,2,,,confirm,"{""en_US"": ""Confirmed""}",,
1658,11000,3,,,admission,"{""en_US"": ""Admission Confirm""}",,
1659,11000,4,,,reject,"{""en_US"": ""Rejected""}",,
1660,11000,5,,,pending,"{""en_US"": ""Pending""}",,
1661,11000,6,,,cancel,"{""en_US"": ""Cancelled""}",,
1662,11000,7,,,done,"{""en_US"": ""Done""}",,
1663,11007,0,,,m,"{""en_US"": ""Male""}",,
1664,11007,1,,,f,"{""en_US"": ""Female""}",,
1665,11007,2,,,o,"{""en_US"": ""Other""}",,
1666,11046,0,,,draft,"{""en_US"": ""Draft""}",,
1667,11046,1,,,confirm,"{""en_US"": ""Confirmed""}",,
1668,11046,2,,,cancel,"{""en_US"": ""Cancelled""}",,
1669,11046,3,,,application,"{""en_US"": ""Application Gathering""}",,
1670,11046,4,,,admission,"{""en_US"": ""Admission Process""}",,
1671,11046,5,,,done,"{""en_US"": ""Done""}",,
1672,11135,0,,,draft,"{""en_US"": ""Draft""}",,
1673,11135,1,,,confirm,"{""en_US"": ""Confirmed""}",,
1674,11135,2,,,done,"{""en_US"": ""Done""}",,
1675,11135,3,,,cancel,"{""en_US"": ""Canceled""}",,
1676,11139,0,,,monday,"{""en_US"": ""Monday""}",,
1677,11139,1,,,tuesday,"{""en_US"": ""Tuesday""}",,
1678,11139,2,,,wednesday,"{""en_US"": ""Wednesday""}",,
1679,11139,3,,,thursday,"{""en_US"": ""Thursday""}",,
1680,11139,4,,,friday,"{""en_US"": ""Friday""}",,
1681,11139,5,,,saturday,"{""en_US"": ""Saturday""}",,
1682,11139,6,,,sunday,"{""en_US"": ""Sunday""}",,
1683,11148,0,,,1,"{""en_US"": ""1""}",,
1684,11148,1,,,2,"{""en_US"": ""2""}",,
1685,11148,2,,,3,"{""en_US"": ""3""}",,
1686,11148,3,,,4,"{""en_US"": ""4""}",,
1687,11148,4,,,5,"{""en_US"": ""5""}",,
1688,11148,5,,,6,"{""en_US"": ""6""}",,
1689,11148,6,,,7,"{""en_US"": ""7""}",,
1690,11148,7,,,8,"{""en_US"": ""8""}",,
1691,11148,8,,,9,"{""en_US"": ""9""}",,
1692,11148,9,,,10,"{""en_US"": ""10""}",,
1693,11148,10,,,11,"{""en_US"": ""11""}",,
1694,11148,11,,,12,"{""en_US"": ""12""}",,
1695,11149,0,,,00,"{""en_US"": ""00""}",,
1696,11149,1,,,15,"{""en_US"": ""15""}",,
1697,11149,2,,,30,"{""en_US"": ""30""}",,
1698,11149,3,,,45,"{""en_US"": ""45""}",,
1699,11151,0,,,am,"{""en_US"": ""AM""}",,
1700,11151,1,,,pm,"{""en_US"": ""PM""}",,
1701,11188,0,,,0,"{""en_US"": ""Monday""}",,
1702,11188,1,,,1,"{""en_US"": ""Tuesday""}",,
1703,11188,2,,,2,"{""en_US"": ""Wednesday""}",,
1704,11188,3,,,3,"{""en_US"": ""Thursday""}",,
1705,11188,4,,,4,"{""en_US"": ""Friday""}",,
1706,11188,5,,,5,"{""en_US"": ""Saturday""}",,
1707,11188,6,,,6,"{""en_US"": ""Sunday""}",,
1708,11201,0,,,faculty,"{""en_US"": ""Faculty""}",,
1709,11201,1,,,student,"{""en_US"": ""Student""}",,
1710,11292,0,,,draft,"{""en_US"": ""Draft""}",,
1711,11292,1,,,start,"{""en_US"": ""Attendance Start""}",,
1712,11292,2,,,done,"{""en_US"": ""Attendance Taken""}",,
1713,11292,3,,,cancel,"{""en_US"": ""Cancelled""}",,
1714,11354,0,,,draft,"{""en_US"": ""Draft""}",,
1715,11354,1,,,schedule,"{""en_US"": ""Scheduled""}",,
1716,11354,2,,,held,"{""en_US"": ""Held""}",,
1717,11354,3,,,result_updated,"{""en_US"": ""Result Updated""}",,
1718,11354,4,,,cancel,"{""en_US"": ""Cancelled""}",,
1719,11354,5,,,done,"{""en_US"": ""Done""}",,
1720,11368,0,,,present,"{""en_US"": ""Present""}",,
1721,11368,1,,,absent,"{""en_US"": ""Absent""}",,
1722,11411,0,,,normal,"{""en_US"": ""Normal""}",,
1723,11411,1,,,grade,"{""en_US"": ""Grade""}",,
1724,11413,0,,,draft,"{""en_US"": ""Draft""}",,
1725,11413,1,,,schedule,"{""en_US"": ""Scheduled""}",,
1726,11413,2,,,held,"{""en_US"": ""Held""}",,
1727,11413,3,,,cancel,"{""en_US"": ""Cancelled""}",,
1728,11413,4,,,done,"{""en_US"": ""Done""}",,
1729,11446,0,,,pass,"{""en_US"": ""Pass""}",,
1730,11446,1,,,fail,"{""en_US"": ""Fail""}",,
1731,11471,0,,,draft,"{""en_US"": ""Draft""}",,
1732,11471,1,,,validated,"{""en_US"": ""Validated""}",,
1733,11471,2,,,cancelled,"{""en_US"": ""Cancelled""}",,
1734,11490,0,,,pass,"{""en_US"": ""Pass""}",,
1735,11490,1,,,fail,"{""en_US"": ""Fail""}",,
1736,11515,0,,,draft,"{""en_US"": ""Draft""}",,
1737,11515,1,,,result_generated,"{""en_US"": ""Result Generated""}",,
1738,11562,0,,,minimize,"{""en_US"": ""Minimize""}",,
1739,11562,1,,,maximize,"{""en_US"": ""Maximize""}",,
1740,11563,0,,,invisible,"{""en_US"": ""Invisible""}",,
1741,11563,1,,,small,"{""en_US"": ""Small""}",,
1742,11563,2,,,large,"{""en_US"": ""Large""}",,
1743,11566,0,,,side,"{""en_US"": ""Side""}",,
1744,11566,1,,,bottom,"{""en_US"": ""Bottom""}",,
1745,11634,0,,,student,"{""en_US"": ""Student""}",,
1746,11634,1,,,faculty,"{""en_US"": ""Faculty""}",,
1747,11680,0,,,student,"{""en_US"": ""Student""}",,
1748,11680,1,,,faculty,"{""en_US"": ""Faculty""}",,
1749,11690,0,,,available,"{""en_US"": ""Available""}",,
1750,11690,1,,,reserve,"{""en_US"": ""Reserved""}",,
1751,11690,2,,,issue,"{""en_US"": ""Issued""}",,
1752,11690,3,,,lost,"{""en_US"": ""Lost""}",,
1753,11690,4,,,return,"{""en_US"": ""Returned""}",,
1754,11690,5,,,return_done,"{""en_US"": ""Returned Done""}",,
1755,11722,0,,,draft,"{""en_US"": ""Draft""}",,
1756,11722,1,,,request,"{""en_US"": ""Requested""}",,
1757,11722,2,,,reject,"{""en_US"": ""Rejected""}",,
1758,11722,3,,,accept,"{""en_US"": ""Accepted""}",,
1759,11750,0,,,request,"{""en_US"": ""Request""}",,
1760,11750,1,,,accept,"{""en_US"": ""Accepted""}",,
1761,11750,2,,,reject,"{""en_US"": ""Rejected""}",,
1762,11783,0,,,available,"{""en_US"": ""Available""}",,
1763,11783,1,,,issue,"{""en_US"": ""Issued""}",,
1764,11813,0,,,student,"{""en_US"": ""Student""}",,
1765,11813,1,,,faculty,"{""en_US"": ""Faculty""}",,
