id,sequence,parent_id,create_uid,write_uid,parent_path,web_icon,action,name,active,create_date,write_date
1,550,,1,1,1/,"base,static/description/settings.png",,"{""en_US"": ""Settings""}",t,2024-04-18 07:38:41.908233,2024-04-18 07:38:41.908233
70,30,8,1,1,1/8/70/,,,"{""en_US"": ""Resource""}",t,2024-04-18 07:40:29.4147,2024-04-18 07:40:29.4147
2,50,1,1,1,1/2/,,,"{""en_US"": ""Custom Shortcuts""}",t,2024-04-18 07:38:41.908233,2024-04-18 07:38:41.908233
146,95,,1,1,146/,"website,static/description/icon.png",,"{""en_US"": ""Website""}",t,2024-04-18 07:40:52.262475,2024-04-18 07:40:52.262475
3,1,1,1,1,1/3/,,,"{""en_US"": ""Users & Companies""}",t,2024-04-18 07:38:41.908233,2024-04-18 07:38:41.908233
71,1,70,1,1,1/8/70/71/,,"ir.actions.act_window,93","{""en_US"": ""Working Schedules""}",t,2024-04-18 07:40:29.4147,2024-04-18 07:40:29.4147
4,2,1,1,1,1/4/,,,"{""en_US"": ""Translations""}",t,2024-04-18 07:38:41.908233,2024-04-18 07:38:41.908233
271,1,9,1,1,1/8/9/271/,,"ir.actions.act_window,359","{""en_US"": ""Onboardings""}",t,2024-04-18 07:46:34.007835,2024-04-18 07:46:34.007835
5,4,4,1,1,1/4/5/,,,"{""en_US"": ""Application Terms""}",t,2024-04-18 07:38:41.908233,2024-04-18 07:38:41.908233
72,2,70,1,1,1/8/70/72/,,"ir.actions.act_window,89","{""en_US"": ""Resource Time Off""}",t,2024-04-18 07:40:29.4147,2024-04-18 07:40:29.4147
6,3,4,1,1,1/4/6/,,,"{""en_US"": ""Import / Export""}",t,2024-04-18 07:38:41.908233,2024-04-18 07:38:41.908233
147,10,146,1,1,146/147/,,,"{""en_US"": ""Site""}",t,2024-04-18 07:40:52.262475,2024-04-18 07:40:52.262475
7,3,1,1,1,1/7/,,,"{""en_US"": ""General Settings""}",t,2024-04-18 07:38:41.908233,2024-04-18 07:38:41.908233
73,3,70,1,1,1/8/70/73/,,"ir.actions.act_window,87","{""en_US"": ""Resources""}",t,2024-04-18 07:40:29.4147,2024-04-18 07:40:29.4147
8,110,1,1,1,1/8/,,,"{""en_US"": ""Technical""}",t,2024-04-18 07:38:41.908233,2024-04-18 07:38:41.908233
9,10,8,1,1,1/8/9/,,,"{""en_US"": ""User Interface""}",t,2024-04-18 07:38:41.908233,2024-04-18 07:38:41.908233
74,270,,1,1,74/,"utm,static/description/icon.png",,"{""en_US"": ""Link Tracker""}",t,2024-04-18 07:40:30.073315,2024-04-18 07:40:30.073315
148,10,147,1,1,146/147/148/,,"ir.actions.client,216","{""en_US"": ""Homepage""}",t,2024-04-18 07:40:52.262475,2024-04-18 07:40:52.262475
272,1,9,1,1,1/8/9/272/,,"ir.actions.act_window,360","{""en_US"": ""Onboardings Steps""}",t,2024-04-18 07:46:34.007835,2024-04-18 07:46:34.007835
11,10,8,1,1,1/8/11/,,,"{""en_US"": ""Database Structure""}",t,2024-04-18 07:38:41.908233,2024-04-18 07:38:41.908233
75,99,74,1,1,74/75/,,,"{""en_US"": ""UTMs""}",t,2024-04-18 07:40:30.073315,2024-04-18 07:40:30.073315
12,10,8,1,1,1/8/12/,,,"{""en_US"": ""Automation""}",t,2024-04-18 07:38:41.908233,2024-04-18 07:38:41.908233
149,20,147,1,1,146/147/149/,,"ir.actions.client,216","{""en_US"": ""Menu Editor""}",t,2024-04-18 07:40:52.262475,2024-04-18 07:40:52.262475
13,25,8,1,1,1/8/13/,,,"{""en_US"": ""Security""}",t,2024-04-18 07:38:41.908233,2024-04-18 07:38:41.908233
76,1,75,1,1,74/75/76/,,"ir.actions.act_window,94","{""en_US"": ""Campaigns""}",t,2024-04-18 07:40:30.073315,2024-04-18 07:40:30.073315
14,24,8,1,1,1/8/14/,,,"{""en_US"": ""Parameters""}",t,2024-04-18 07:38:41.908233,2024-04-18 07:38:41.908233
77,5,75,1,1,74/75/77/,,"ir.actions.act_window,95","{""en_US"": ""Mediums""}",t,2024-04-18 07:40:30.073315,2024-04-18 07:40:30.073315
16,1000,,1,1,16/,"test_exceptions,static/description/icon.png",,"{""en_US"": ""Tests""}",t,2024-04-18 07:38:41.908233,2024-04-18 07:38:41.908233
150,30,147,1,1,146/147/150/,,,"{""en_US"": ""Content""}",t,2024-04-18 07:40:52.262475,2024-04-18 07:40:52.262475
17,10,11,1,1,1/8/11/17/,,"ir.actions.act_window,4","{""en_US"": ""Decimal Accuracy""}",t,2024-04-18 07:38:41.908233,2024-04-18 07:38:41.908233
78,10,75,1,1,74/75/78/,,"ir.actions.act_window,96","{""en_US"": ""Sources""}",t,2024-04-18 07:40:30.073315,2024-04-18 07:40:30.073315
18,5,8,1,1,1/8/18/,,,"{""en_US"": ""Actions""}",t,2024-04-18 07:38:41.908233,2024-04-18 07:38:41.908233
311,20,284,1,1,284/311/,,,"{""en_US"": ""Reporting""}",t,2024-04-18 07:46:48.92483,2024-04-18 07:46:48.92483
19,10,18,1,1,1/8/18/19/,,"ir.actions.act_window,5","{""en_US"": ""Actions""}",t,2024-04-18 07:38:41.908233,2024-04-18 07:38:41.908233
79,5,,1,1,79/,"mail,static/description/icon.png","ir.actions.client,119","{""en_US"": ""Discuss""}",t,2024-04-18 07:40:31.747973,2024-04-18 07:40:31.747973
20,10,18,1,1,1/8/18/20/,,"ir.actions.act_window,6","{""en_US"": ""Reports""}",t,2024-04-18 07:38:41.908233,2024-04-18 07:38:41.908233
21,10,18,1,1,1/8/18/21/,,"ir.actions.act_window,7","{""en_US"": ""Window Actions""}",t,2024-04-18 07:38:41.908233,2024-04-18 07:38:41.908233
80,1,10,1,1,1/8/10/80/,,"ir.actions.act_window,110","{""en_US"": ""Emails""}",t,2024-04-18 07:40:31.747973,2024-04-18 07:40:31.747973
22,10,18,1,1,1/8/18/22/,,"ir.actions.act_window,8","{""en_US"": ""Client Actions""}",t,2024-04-18 07:38:41.908233,2024-04-18 07:38:41.908233
312,4,311,1,1,284/311/312/,,,"{""en_US"": ""Management""}",t,2024-04-18 07:46:48.92483,2024-04-18 07:46:48.92483
23,10,18,1,1,1/8/18/23/,,"ir.actions.act_window,9","{""en_US"": ""Server Actions""}",t,2024-04-18 07:38:41.908233,2024-04-18 07:38:41.908233
81,11,10,1,1,1/8/10/81/,,"ir.actions.act_window,133","{""en_US"": ""Aliases""}",t,2024-04-18 07:40:31.747973,2024-04-18 07:40:31.747973
24,10,18,1,1,1/8/18/24/,,"ir.actions.act_window,10","{""en_US"": ""Configuration Wizards""}",t,2024-04-18 07:38:41.908233,2024-04-18 07:38:41.908233
25,10,11,1,1,1/8/11/25/,,"ir.actions.act_window,12","{""en_US"": ""Assets""}",t,2024-04-18 07:38:41.908233,2024-04-18 07:38:41.908233
82,12,10,1,1,1/8/10/82/,,"ir.actions.act_window,132","{""en_US"": ""Alias Domains""}",t,2024-04-18 07:40:31.747973,2024-04-18 07:40:31.747973
26,10,14,1,1,1/8/14/26/,,"ir.actions.act_window,13","{""en_US"": ""System Parameters""}",t,2024-04-18 07:38:41.908233,2024-04-18 07:38:41.908233
27,2,12,1,1,1/8/12/27/,,"ir.actions.act_window,14","{""en_US"": ""Scheduled Actions""}",t,2024-04-18 07:38:41.908233,2024-04-18 07:38:41.908233
83,6,10,1,1,1/8/10/83/,,"ir.actions.act_window,104","{""en_US"": ""Incoming Mail Servers""}",t,2024-04-18 07:40:31.747973,2024-04-18 07:40:31.747973
28,3,12,1,1,1/8/12/28/,,"ir.actions.act_window,15","{""en_US"": ""Scheduled Actions Triggers""}",t,2024-04-18 07:38:41.908233,2024-04-18 07:38:41.908233
29,5,9,1,1,1/8/9/29/,,"ir.actions.act_window,16","{""en_US"": ""User-defined Filters""}",t,2024-04-18 07:38:41.908233,2024-04-18 07:38:41.908233
84,10,10,1,1,1/8/10/84/,,"ir.actions.act_window,138","{""en_US"": ""Email Templates""}",t,2024-04-18 07:40:31.747973,2024-04-18 07:40:31.747973
30,5,10,1,1,1/8/10/30/,,"ir.actions.act_window,17","{""en_US"": ""Outgoing Mail Servers""}",t,2024-04-18 07:38:41.908233,2024-04-18 07:38:41.908233
31,10,11,1,1,1/8/11/31/,,"ir.actions.act_window,19","{""en_US"": ""Models""}",t,2024-04-18 07:38:41.908233,2024-04-18 07:38:41.908233
85,20,10,1,1,1/8/10/85/,,"ir.actions.act_window,118","{""en_US"": ""Channels""}",t,2024-04-18 07:40:31.747973,2024-04-18 07:40:31.747973
32,10,11,1,1,1/8/11/32/,,"ir.actions.act_window,20","{""en_US"": ""Fields""}",t,2024-04-18 07:38:41.908233,2024-04-18 07:38:41.908233
86,21,10,1,1,1/8/10/86/,,"ir.actions.act_window,114","{""en_US"": ""Channels/Members""}",t,2024-04-18 07:40:31.747973,2024-04-18 07:40:31.747973
87,22,10,1,1,1/8/10/87/,,"ir.actions.act_window,134","{""en_US"": ""Mail Gateway Allowed""}",t,2024-04-18 07:40:31.747973,2024-04-18 07:40:31.747973
88,1,8,1,1,1/8/88/,,,"{""en_US"": ""Discuss""}",t,2024-04-18 07:40:31.747973,2024-04-18 07:40:31.747973
15,500,,1,1,15/,"base,static/description/modules.png",,"{""en_US"": ""Apps""}",t,2024-04-18 07:38:41.908233,2024-04-18 07:40:38.671091
151,40,147,1,1,146/147/151/,,,"{""en_US"": ""This page""}",t,2024-04-18 07:40:52.262475,2024-04-18 07:40:52.262475
33,10,11,1,1,1/8/11/33/,,"ir.actions.act_window,21","{""en_US"": ""Fields Selection""}",t,2024-04-18 07:38:41.908233,2024-04-18 07:38:41.908233
89,1,88,1,1,1/8/88/89/,,"ir.actions.act_window,108","{""en_US"": ""Messages""}",t,2024-04-18 07:40:31.747973,2024-04-18 07:40:31.747973
34,21,8,1,1,1/8/34/,,,"{""en_US"": ""Sequences & Identifiers""}",t,2024-04-18 07:38:41.908233,2024-04-18 07:38:41.908233
436,1,12,1,1,1/8/12/436/,,"ir.actions.act_window,589","{""en_US"": ""Automation Rules""}",t,2024-04-18 07:56:49.854103,2024-04-18 07:56:49.854103
35,10,34,1,1,1/8/34/35/,,"ir.actions.act_window,22","{""en_US"": ""External Identifiers""}",t,2024-04-18 07:38:41.908233,2024-04-18 07:38:41.908233
90,2,88,1,1,1/8/88/90/,,"ir.actions.act_window,109","{""en_US"": ""Scheduled Messages""}",t,2024-04-18 07:40:31.747973,2024-04-18 07:40:31.747973
36,10,11,1,1,1/8/11/36/,,"ir.actions.act_window,23","{""en_US"": ""Model Constraints""}",t,2024-04-18 07:38:41.908233,2024-04-18 07:38:41.908233
152,10,151,1,1,146/147/151/152/,,"ir.actions.client,216","{""en_US"": ""Properties""}",t,2024-04-18 07:40:52.262475,2024-04-18 07:40:52.262475
37,10,11,1,1,1/8/11/37/,,"ir.actions.act_window,24","{""en_US"": ""ManyToMany Relations""}",t,2024-04-18 07:38:41.908233,2024-04-18 07:38:41.908233
91,4,88,1,1,1/8/88/91/,,"ir.actions.act_window,105","{""en_US"": ""Subtypes""}",t,2024-04-18 07:40:31.747973,2024-04-18 07:40:31.747973
38,10,13,1,1,1/8/13/38/,,"ir.actions.act_window,25","{""en_US"": ""Access Rights""}",t,2024-04-18 07:38:41.908233,2024-04-18 07:38:41.908233
273,125,,1,1,273/,"event,static/description/icon.png",,"{""en_US"": ""Events""}",t,2024-04-18 07:46:39.43159,2024-04-18 07:46:39.43159
39,10,11,1,1,1/8/11/39/,,"ir.actions.act_window,26","{""en_US"": ""Attachments""}",t,2024-04-18 07:38:41.908233,2024-04-18 07:38:41.908233
92,5,88,1,1,1/8/88/92/,,"ir.actions.act_window,106","{""en_US"": ""Tracking Values""}",t,2024-04-18 07:40:31.747973,2024-04-18 07:40:31.747973
40,3,13,1,1,1/8/13/40/,,"ir.actions.act_window,27","{""en_US"": ""Record Rules""}",t,2024-04-18 07:38:41.908233,2024-04-18 07:38:41.908233
153,20,151,1,1,146/147/151/153/,,"ir.actions.client,216","{""en_US"": ""Optimize SEO""}",t,2024-04-18 07:40:52.262475,2024-04-18 07:40:52.262475
41,10,34,1,1,1/8/34/41/,,"ir.actions.act_window,28","{""en_US"": ""Sequences""}",t,2024-04-18 07:38:41.908233,2024-04-18 07:38:41.908233
93,10,88,1,1,1/8/88/93/,,"ir.actions.act_window,121","{""en_US"": ""Activity Types""}",t,2024-04-18 07:40:31.747973,2024-04-18 07:40:31.747973
42,1,9,1,1,1/8/9/42/,,"ir.actions.act_window,29","{""en_US"": ""Menu Items""}",t,2024-04-18 07:38:41.908233,2024-04-18 07:38:41.908233
43,2,9,1,1,1/8/9/43/,,"ir.actions.act_window,30","{""en_US"": ""Views""}",t,2024-04-18 07:38:41.908233,2024-04-18 07:38:41.908233
94,11,88,1,1,1/8/88/94/,,"ir.actions.act_window,122","{""en_US"": ""Activities""}",t,2024-04-18 07:40:31.747973,2024-04-18 07:40:31.747973
44,3,9,1,1,1/8/9/44/,,"ir.actions.act_window,32","{""en_US"": ""Customized Views""}",t,2024-04-18 07:38:41.908233,2024-04-18 07:38:41.908233
45,10,18,1,1,1/8/18/45/,,"ir.actions.act_window,33","{""en_US"": ""User-defined Defaults""}",t,2024-04-18 07:38:41.908233,2024-04-18 07:38:41.908233
95,12,88,1,1,1/8/88/95/,,"ir.actions.act_window,124","{""en_US"": ""Activity Plans""}",t,2024-04-18 07:40:31.747973,2024-04-18 07:40:31.747973
46,10,11,1,1,1/8/11/46/,,"ir.actions.act_window,37","{""en_US"": ""Logging""}",t,2024-04-18 07:38:41.908233,2024-04-18 07:38:41.908233
47,5,15,1,1,15/47/,,,"{""en_US"": ""Apps""}",t,2024-04-18 07:38:41.908233,2024-04-18 07:38:41.908233
96,20,88,1,1,1/8/88/96/,,"ir.actions.act_window,107","{""en_US"": ""Notifications""}",t,2024-04-18 07:40:31.747973,2024-04-18 07:40:31.747973
48,5,47,1,1,15/47/48/,,"ir.actions.act_window,38","{""en_US"": ""Main Apps""}",t,2024-04-18 07:38:41.908233,2024-04-18 07:38:41.908233
49,15,47,1,1,15/47/49/,,,"{""en_US"": ""Theme Store""}",t,2024-04-18 07:38:41.908233,2024-04-18 07:38:41.908233
97,21,88,1,1,1/8/88/97/,,"ir.actions.act_window,112","{""en_US"": ""Followers""}",t,2024-04-18 07:40:31.747973,2024-04-18 07:40:31.747973
50,20,47,1,1,15/47/50/,,"ir.actions.act_url,39","{""en_US"": ""Third-Party Apps""}",t,2024-04-18 07:38:41.908233,2024-04-18 07:38:41.908233
51,10,47,1,1,15/47/51/,,"ir.actions.act_url,40","{""en_US"": ""Theme Store""}",t,2024-04-18 07:38:41.908233,2024-04-18 07:38:41.908233
98,22,88,1,1,1/8/88/98/,,"ir.actions.act_window,140","{""en_US"": ""Email Blacklist""}",t,2024-04-18 07:40:31.747973,2024-04-18 07:40:31.747973
52,40,15,1,1,15/52/,,"ir.actions.act_window,42","{""en_US"": ""Update Apps List""}",t,2024-04-18 07:38:41.908233,2024-04-18 07:38:41.908233
53,10,6,1,1,1/4/6/53/,,"ir.actions.act_window,44","{""en_US"": ""Import Translation""}",t,2024-04-18 07:38:41.908233,2024-04-18 07:38:41.908233
99,50,88,1,1,1/8/88/99/,,"ir.actions.act_window,137","{""en_US"": ""User Settings""}",t,2024-04-18 07:40:31.747973,2024-04-18 07:40:31.747973
54,50,15,1,1,15/54/,,"ir.actions.act_window,45","{""en_US"": ""Apply Scheduled Upgrades""}",t,2024-04-18 07:38:41.908233,2024-04-18 07:38:41.908233
55,10,6,1,1,1/4/6/55/,,"ir.actions.act_window,47","{""en_US"": ""Export Translation""}",t,2024-04-18 07:38:41.908233,2024-04-18 07:38:41.908233
100,51,88,1,1,1/8/88/100/,,"ir.actions.act_window,135","{""en_US"": ""Guests""}",t,2024-04-18 07:40:31.747973,2024-04-18 07:40:31.747973
56,10,11,1,1,1/8/11/56/,,"ir.actions.act_window,51","{""en_US"": ""Profiling""}",t,2024-04-18 07:38:41.908233,2024-04-18 07:38:41.908233
57,10,3,1,1,1/3/57/,,"ir.actions.act_window,52","{""en_US"": ""Companies""}",t,2024-04-18 07:38:41.908233,2024-04-18 07:38:41.908233
101,52,88,1,1,1/8/88/101/,,"ir.actions.act_window,115","{""en_US"": ""RTC sessions""}",t,2024-04-18 07:40:31.747973,2024-04-18 07:40:31.747973
58,1,4,1,1,1/4/58/,,"ir.actions.act_window,53","{""en_US"": ""Languages""}",t,2024-04-18 07:38:41.908233,2024-04-18 07:38:41.908233
59,3,3,1,1,1/3/59/,,"ir.actions.act_window,68","{""en_US"": ""Groups""}",t,2024-04-18 07:38:41.908233,2024-04-18 07:38:41.908233
102,53,88,1,1,1/8/88/102/,,"ir.actions.act_window,113","{""en_US"": ""ICE servers""}",t,2024-04-18 07:40:31.747973,2024-04-18 07:40:31.747973
60,0,3,1,1,1/3/60/,,"ir.actions.act_window,69","{""en_US"": ""Users""}",t,2024-04-18 07:38:41.908233,2024-04-18 07:38:41.908233
61,10,14,1,1,1/8/14/61/,,"ir.actions.act_window,73","{""en_US"": ""Company Properties""}",t,2024-04-18 07:38:41.908233,2024-04-18 07:38:41.908233
107,3,8,1,1,1/8/107/,,,"{""en_US"": ""Phone / SMS""}",t,2024-04-18 07:40:39.777727,2024-04-18 07:40:39.777727
62,15,8,1,1,1/8/62/,,,"{""en_US"": ""Reporting""}",t,2024-04-18 07:38:41.908233,2024-04-18 07:38:41.908233
108,3,107,1,1,1/8/107/108/,,"ir.actions.act_window,146","{""en_US"": ""Phone Blacklist""}",t,2024-04-18 07:40:39.777727,2024-04-18 07:40:39.777727
109,26,8,1,1,1/8/109/,,,"{""en_US"": ""Privacy""}",t,2024-04-18 07:40:41.336734,2024-04-18 07:40:41.336734
110,1,109,1,1,1/8/109/110/,,"ir.actions.act_window,151","{""en_US"": ""Privacy Logs""}",t,2024-04-18 07:40:41.336734,2024-04-18 07:40:41.336734
112,0,111,1,1,111/112/,,,"{""en_US"": ""Human Resources""}",t,2024-04-18 07:40:41.811291,2024-04-18 07:40:41.811291
113,3,111,1,1,111/113/,,,"{""en_US"": ""Employees""}",t,2024-04-18 07:40:41.811291,2024-04-18 07:40:41.811291
114,1,113,1,1,111/113/114/,,"ir.actions.act_window,164","{""en_US"": ""Employees""}",t,2024-04-18 07:40:41.811291,2024-04-18 07:40:41.811291
115,4,111,1,1,111/115/,,"ir.actions.act_window,162","{""en_US"": ""Directory""}",t,2024-04-18 07:40:41.811291,2024-04-18 07:40:41.811291
63,2,62,1,1,1/8/62/63/,,"ir.actions.act_window,75","{""en_US"": ""Paper Format""}",t,2024-04-18 07:38:41.908233,2024-04-18 07:38:41.908233
64,3,62,1,1,1/8/62/64/,,"ir.actions.act_window,76","{""en_US"": ""Reports""}",t,2024-04-18 07:38:41.908233,2024-04-18 07:38:41.908233
103,54,88,1,1,1/8/88/103/,,"ir.actions.act_window,136","{""en_US"": ""Message Reactions""}",t,2024-04-18 07:40:31.747973,2024-04-18 07:40:31.747973
65,100,15,1,1,15/65/,,"ir.actions.act_window,83","{""en_US"": ""Import Module""}",t,2024-04-18 07:38:54.13821,2024-04-18 07:38:54.13821
154,30,151,1,1,146/147/151/154/,,"ir.actions.client,216","{""en_US"": ""HTML / CSS Editor""}",t,2024-04-18 07:40:52.262475,2024-04-18 07:40:52.262475
66,0,1,1,1,1/66/,,"ir.actions.act_window,84","{""en_US"": ""General Settings""}",t,2024-04-18 07:38:54.314881,2024-04-18 07:38:54.314881
104,55,88,1,1,1/8/88/104/,,"ir.actions.act_window,116","{""en_US"": ""Link Previews""}",t,2024-04-18 07:40:31.747973,2024-04-18 07:40:31.747973
67,5,9,1,1,1/8/9/67/,,"ir.actions.act_window,85","{""en_US"": ""Tours""}",t,2024-04-18 07:38:54.618454,2024-04-18 07:38:54.618454
437,30,,1,1,437/,"tarcin_assignment,static/description/icon.png",,"{""en_US"": ""Assignments""}",t,2024-04-18 07:56:51.447522,2024-04-18 07:56:51.447522
68,5,8,1,1,1/8/68/,,,"{""en_US"": ""IAP""}",t,2024-04-18 07:38:54.744654,2024-04-18 07:38:54.744654
105,56,88,1,1,1/8/88/105/,,"ir.actions.act_window,117","{""en_US"": ""GIF favorite""}",t,2024-04-18 07:40:31.747973,2024-04-18 07:40:31.747973
69,10,68,1,1,1/8/68/69/,,"ir.actions.act_window,86","{""en_US"": ""IAP Accounts""}",t,2024-04-18 07:38:54.744654,2024-04-18 07:38:54.744654
155,40,151,1,1,146/147/151/155/,,"ir.actions.client,216","{""en_US"": ""Edit Menu""}",t,2024-04-18 07:40:52.262475,2024-04-18 07:40:52.262475
106,10,79,1,1,79/106/,,,"{""en_US"": ""Integrations""}",f,2024-04-18 07:40:31.747973,2024-04-18 07:40:31.747973
10,3,8,1,1,1/8/10/,,,"{""en_US"": ""Email""}",t,2024-04-18 07:38:41.908233,2024-04-18 07:40:31.747973
116,95,111,1,1,111/116/,,,"{""en_US"": ""Reporting""}",t,2024-04-18 07:40:41.811291,2024-04-18 07:40:41.811291
117,99,111,1,1,111/117/,,,"{""en_US"": ""Reporting""}",t,2024-04-18 07:40:41.811291,2024-04-18 07:40:41.811291
156,30,146,1,1,146/156/,,,"{""en_US"": ""Reporting""}",t,2024-04-18 07:40:52.262475,2024-04-18 07:40:52.262475
118,100,111,1,1,111/118/,,,"{""en_US"": ""Configuration""}",t,2024-04-18 07:40:41.811291,2024-04-18 07:40:41.811291
275,50,273,1,1,273/275/,,,"{""en_US"": ""Reporting""}",t,2024-04-18 07:46:39.43159,2024-04-18 07:46:39.43159
119,10,118,1,1,111/118/119/,,,"{""en_US"": ""Employee""}",t,2024-04-18 07:40:41.811291,2024-04-18 07:40:41.811291
157,20,156,1,1,146/156/157/,,"ir.actions.server,217","{""en_US"": ""eCommerce""}",f,2024-04-18 07:40:52.262475,2024-04-18 07:40:52.262475
120,4,119,1,1,111/118/119/120/,,"ir.actions.act_window,170","{""en_US"": ""Departments""}",t,2024-04-18 07:40:41.811291,2024-04-18 07:40:41.811291
438,10,437,1,1,437/438/,,,"{""en_US"": ""Assignments""}",t,2024-04-18 07:56:51.447522,2024-04-18 07:56:51.447522
121,10,111,1,1,111/121/,,"ir.actions.act_window,169","{""en_US"": ""Departments""}",t,2024-04-18 07:40:41.811291,2024-04-18 07:40:41.811291
158,10,156,1,1,146/156/158/,,"ir.actions.server,218","{""en_US"": ""Analytics""}",t,2024-04-18 07:40:52.262475,2024-04-18 07:40:52.262475
122,5,119,1,1,111/118/119/122/,,"ir.actions.act_window,171","{""en_US"": ""Work Locations""}",t,2024-04-18 07:40:41.811291,2024-04-18 07:40:41.811291
276,99,273,1,1,273/276/,,,"{""en_US"": ""Configuration""}",t,2024-04-18 07:46:39.43159,2024-04-18 07:46:39.43159
123,6,119,1,1,111/118/119/123/,,"ir.actions.act_window,93","{""en_US"": ""Working Schedules""}",t,2024-04-18 07:40:41.811291,2024-04-18 07:40:41.811291
159,10,150,1,1,146/147/150/159/,,"ir.actions.act_window,222","{""en_US"": ""Pages""}",t,2024-04-18 07:40:52.262475,2024-04-18 07:40:52.262475
124,7,119,1,1,111/118/119/124/,,"ir.actions.act_window,158","{""en_US"": ""Departure Reasons""}",t,2024-04-18 07:40:41.811291,2024-04-18 07:40:41.811291
125,10,119,1,1,111/118/119/125/,,"ir.actions.act_window,161","{""en_US"": ""Tags""}",t,2024-04-18 07:40:41.811291,2024-04-18 07:40:41.811291
160,10,150,1,1,146/147/150/160/,,"ir.actions.act_window,223","{""en_US"": ""Model Pages""}",f,2024-04-18 07:40:52.262475,2024-04-18 07:40:52.262475
126,20,118,1,1,111/118/126/,,,"{""en_US"": ""Recruitment""}",t,2024-04-18 07:40:41.811291,2024-04-18 07:40:41.811291
439,10,438,1,1,437/438/439/,,"ir.actions.act_window,590","{""en_US"": ""Assignments""}",t,2024-04-18 07:56:51.447522,2024-04-18 07:56:51.447522
127,1,126,1,1,111/118/126/127/,,"ir.actions.act_window,160","{""en_US"": ""Job Positions""}",t,2024-04-18 07:40:41.811291,2024-04-18 07:40:41.811291
161,40,156,1,1,146/156/161/,,"ir.actions.act_window,226","{""en_US"": ""Visitors""}",t,2024-04-18 07:40:52.262475,2024-04-18 07:40:52.262475
128,2,126,1,1,111/118/126/128/,,"ir.actions.act_window,159","{""en_US"": ""Employment Types""}",t,2024-04-18 07:40:41.811291,2024-04-18 07:40:41.811291
129,100,118,1,1,111/118/129/,,,"{""en_US"": ""Activity Planning""}",t,2024-04-18 07:40:41.811291,2024-04-18 07:40:41.811291
130,100,129,1,1,111/118/129/130/,,"ir.actions.act_window,156","{""en_US"": ""On/Offboarding Plans""}",t,2024-04-18 07:40:41.811291,2024-04-18 07:40:41.811291
131,0,118,1,1,111/118/131/,,"ir.actions.act_window,172","{""en_US"": ""Settings""}",t,2024-04-18 07:40:41.811291,2024-04-18 07:40:41.811291
132,1,107,1,1,1/8/107/132/,,"ir.actions.act_window,186","{""en_US"": ""SMS""}",t,2024-04-18 07:40:46.744909,2024-04-18 07:40:46.744909
133,2,107,1,1,1/8/107/133/,,"ir.actions.act_window,188","{""en_US"": ""SMS Templates""}",t,2024-04-18 07:40:46.744909,2024-04-18 07:40:46.744909
134,50,10,1,1,1/8/10/134/,,"ir.actions.act_window,190","{""en_US"": ""Snailmail Letters""}",t,2024-04-18 07:40:47.88965,2024-04-18 07:40:47.88965
135,80,10,1,1,1/8/10/135/,,"ir.actions.act_window,194","{""en_US"": ""Digest Emails""}",t,2024-04-18 07:40:48.807216,2024-04-18 07:40:48.807216
136,81,10,1,1,1/8/10/136/,,"ir.actions.act_window,195","{""en_US"": ""Digest Tips""}",t,2024-04-18 07:40:48.807216,2024-04-18 07:40:48.807216
137,5,113,1,1,111/113/137/,,"ir.actions.act_window,196","{""en_US"": ""Org Chart""}",t,2024-04-18 07:40:49.442447,2024-04-18 07:40:49.442447
138,15,118,1,1,111/118/138/,,,"{""en_US"": ""Resume""}",t,2024-04-18 07:40:49.793622,2024-04-18 07:40:49.793622
139,3,138,1,1,111/118/138/139/,,"ir.actions.act_window,197","{""en_US"": ""Line Types""}",t,2024-04-18 07:40:49.793622,2024-04-18 07:40:49.793622
140,7,119,1,1,111/118/119/140/,,"ir.actions.act_window,198","{""en_US"": ""Skill Types""}",t,2024-04-18 07:40:49.793622,2024-04-18 07:40:49.793622
141,15,116,1,1,111/116/141/,,"ir.actions.act_window,203","{""en_US"": ""Skills""}",t,2024-04-18 07:40:49.793622,2024-04-18 07:40:49.793622
142,37,,1,1,142/,"spreadsheet_dashboard,static/description/icon.png","ir.actions.client,206","{""en_US"": ""Dashboards""}",t,2024-04-18 07:40:51.67663,2024-04-18 07:40:51.67663
143,1,142,1,1,142/143/,,"ir.actions.client,206","{""en_US"": ""Dashboards""}",t,2024-04-18 07:40:51.67663,2024-04-18 07:40:51.67663
144,150,142,1,1,142/144/,,,"{""en_US"": ""Configuration""}",t,2024-04-18 07:40:51.67663,2024-04-18 07:40:51.67663
145,10,144,1,1,142/144/145/,,"ir.actions.act_window,207","{""en_US"": ""Dashboards""}",t,2024-04-18 07:40:51.67663,2024-04-18 07:40:51.67663
162,50,156,1,1,146/156/162/,,"ir.actions.act_window,227","{""en_US"": ""Page Views""}",t,2024-04-18 07:40:52.262475,2024-04-18 07:40:52.262475
440,20,438,1,1,437/438/440/,,"ir.actions.act_window,592","{""en_US"": ""Assignment Submissions""}",t,2024-04-18 07:56:51.447522,2024-04-18 07:56:51.447522
163,100,146,1,1,146/163/,,,"{""en_US"": ""Configuration""}",t,2024-04-18 07:40:52.262475,2024-04-18 07:40:52.262475
164,10,163,1,1,146/163/164/,,"ir.actions.act_window,228","{""en_US"": ""Settings""}",t,2024-04-18 07:40:52.262475,2024-04-18 07:40:52.262475
441,20,437,1,1,437/441/,,,"{""en_US"": ""Configuration""}",t,2024-04-18 07:56:51.447522,2024-04-18 07:56:51.447522
165,20,163,1,1,146/163/165/,,"ir.actions.act_window,211","{""en_US"": ""Apps""}",t,2024-04-18 07:40:52.262475,2024-04-18 07:40:52.262475
166,10,163,1,1,146/163/166/,,"ir.actions.act_window,213","{""en_US"": ""Websites""}",t,2024-04-18 07:40:52.262475,2024-04-18 07:40:52.262475
281,4,275,1,1,273/275/281/,,"ir.actions.act_window,394","{""en_US"": ""Attendees""}",t,2024-04-18 07:46:39.43159,2024-04-18 07:46:39.43159
167,45,163,1,1,146/163/167/,,"ir.actions.act_window,214","{""en_US"": ""Menus""}",t,2024-04-18 07:40:52.262475,2024-04-18 07:40:52.262475
442,10,441,1,1,437/441/442/,,"ir.actions.act_window,591","{""en_US"": ""Assignment Types""}",t,2024-04-18 07:56:51.447522,2024-04-18 07:56:51.447522
168,30,163,1,1,146/163/168/,,"ir.actions.act_window,229","{""en_US"": ""Redirects""}",t,2024-04-18 07:40:52.262475,2024-04-18 07:40:52.262475
169,100,142,1,1,142/169/,,"ir.actions.act_window,230","{""en_US"": ""My Dashboard""}",t,2024-04-18 07:41:04.619729,2024-04-18 07:41:04.619729
170,22,,1,1,170/,"tarcin_core,static/description/sis.png",,"{""en_US"": ""SIS""}",t,2024-04-18 07:41:05.464971,2024-04-18 07:41:05.464971
171,10,170,1,1,170/171/,,"ir.actions.act_window,237","{""en_US"": ""Students""}",t,2024-04-18 07:41:05.464971,2024-04-18 07:41:05.464971
172,20,170,1,1,170/172/,,"ir.actions.act_window,243","{""en_US"": ""Faculties""}",t,2024-04-18 07:41:05.464971,2024-04-18 07:41:05.464971
173,30,170,1,1,170/173/,,,"{""en_US"": ""General""}",t,2024-04-18 07:41:05.464971,2024-04-18 07:41:05.464971
174,50,170,1,1,170/174/,,,"{""en_US"": ""Configuration""}",t,2024-04-18 07:41:05.464971,2024-04-18 07:41:05.464971
175,10,174,1,1,170/174/175/,,,"{""en_US"": ""Course Management""}",t,2024-04-18 07:41:05.464971,2024-04-18 07:41:05.464971
176,10,175,1,1,170/174/175/176/,,"ir.actions.act_window,240","{""en_US"": ""Courses""}",t,2024-04-18 07:41:05.464971,2024-04-18 07:41:05.464971
177,20,175,1,1,170/174/175/177/,,"ir.actions.act_window,241","{""en_US"": ""Batches""}",t,2024-04-18 07:41:05.464971,2024-04-18 07:41:05.464971
178,20,175,1,1,170/174/175/178/,,"ir.actions.act_window,236","{""en_US"": ""Department""}",t,2024-04-18 07:41:05.464971,2024-04-18 07:41:05.464971
179,20,174,1,1,170/174/179/,,,"{""en_US"": ""Subject Management""}",t,2024-04-18 07:41:05.464971,2024-04-18 07:41:05.464971
180,10,179,1,1,170/174/179/180/,,"ir.actions.act_window,242","{""en_US"": ""Subjects""}",t,2024-04-18 07:41:05.464971,2024-04-18 07:41:05.464971
181,80,174,1,1,170/174/181/,,,"{""en_US"": ""General Management""}",t,2024-04-18 07:41:05.464971,2024-04-18 07:41:05.464971
182,40,181,1,1,170/174/181/182/,,"ir.actions.act_window,239","{""en_US"": ""Categories""}",t,2024-04-18 07:41:05.464971,2024-04-18 07:41:05.464971
183,40,174,1,1,170/174/183/,,,"{""en_US"": ""Activity Management""}",t,2024-04-18 07:41:05.464971,2024-04-18 07:41:05.464971
184,40,170,1,1,170/184/,,,"{""en_US"": ""Reporting""}",t,2024-04-18 07:41:05.464971,2024-04-18 07:41:05.464971
185,1,174,1,1,170/174/185/,,"ir.actions.act_window,251","{""en_US"": ""Settings""}",t,2024-04-18 07:41:05.464971,2024-04-18 07:41:05.464971
186,1,174,1,1,170/174/186/,,"ir.actions.act_window,248","{""en_US"": ""Academic Year""}",t,2024-04-18 07:41:05.464971,2024-04-18 07:41:05.464971
187,2,174,1,1,170/174/187/,,"ir.actions.act_window,249","{""en_US"": ""Academic Term""}",t,2024-04-18 07:41:05.464971,2024-04-18 07:41:05.464971
188,25,,1,1,188/,"tarcin_core,static/description/icon_faculty.png",,"{""en_US"": ""Faculties""}",t,2024-04-18 07:41:05.464971,2024-04-18 07:41:05.464971
189,20,188,1,1,188/189/,,"ir.actions.act_window,244","{""en_US"": ""Profile""}",t,2024-04-18 07:41:05.464971,2024-04-18 07:41:05.464971
190,26,,1,1,190/,"tarcin_core,static/description/icon_student.png",,"{""en_US"": ""Students""}",t,2024-04-18 07:41:05.464971,2024-04-18 07:41:05.464971
191,20,190,1,1,190/191/,,"ir.actions.act_window,238","{""en_US"": ""Profile""}",t,2024-04-18 07:41:05.464971,2024-04-18 07:41:05.464971
192,20,190,1,1,190/192/,,,"{""en_US"": ""General""}",t,2024-04-18 07:41:05.464971,2024-04-18 07:41:05.464971
193,30,192,1,1,190/192/193/,,"ir.actions.act_window,245","{""en_US"": ""Subject Registration""}",t,2024-04-18 07:41:05.464971,2024-04-18 07:41:05.464971
194,40,192,1,1,190/192/194/,,"ir.actions.act_window,247","{""en_US"": ""Student Course Detail""}",t,2024-04-18 07:41:05.464971,2024-04-18 07:41:05.464971
195,20,,1,1,195/,"contacts,static/description/icon.png",,"{""en_US"": ""Contacts""}",t,2024-04-18 07:41:10.595876,2024-04-18 07:41:10.595876
196,2,195,1,1,195/196/,,"ir.actions.act_window,260","{""en_US"": ""Contacts""}",t,2024-04-18 07:41:10.595876,2024-04-18 07:41:10.595876
197,2,195,1,1,195/197/,,,"{""en_US"": ""Configuration""}",t,2024-04-18 07:41:10.595876,2024-04-18 07:41:10.595876
198,1,197,1,1,195/197/198/,,"ir.actions.act_window,58","{""en_US"": ""Contact Tags""}",t,2024-04-18 07:41:10.595876,2024-04-18 07:41:10.595876
199,3,197,1,1,195/197/199/,,"ir.actions.act_window,54","{""en_US"": ""Contact Titles""}",t,2024-04-18 07:41:10.595876,2024-04-18 07:41:10.595876
200,4,197,1,1,195/197/200/,,"ir.actions.act_window,59","{""en_US"": ""Industries""}",t,2024-04-18 07:41:10.595876,2024-04-18 07:41:10.595876
201,5,197,1,1,195/197/201/,,,"{""en_US"": ""Localization""}",t,2024-04-18 07:41:10.595876,2024-04-18 07:41:10.595876
202,1,201,1,1,195/197/201/202/,,"ir.actions.act_window,62","{""en_US"": ""Countries""}",t,2024-04-18 07:41:10.595876,2024-04-18 07:41:10.595876
203,3,201,1,1,195/197/201/203/,,"ir.actions.act_window,63","{""en_US"": ""Country Group""}",t,2024-04-18 07:41:10.595876,2024-04-18 07:41:10.595876
204,2,201,1,1,195/197/201/204/,,"ir.actions.act_window,64","{""en_US"": ""Fed. States""}",t,2024-04-18 07:41:10.595876,2024-04-18 07:41:10.595876
205,6,197,1,1,195/197/205/,,,"{""en_US"": ""Bank Accounts""}",t,2024-04-18 07:41:10.595876,2024-04-18 07:41:10.595876
206,1,205,1,1,195/197/205/206/,,"ir.actions.act_window,60","{""en_US"": ""Banks""}",t,2024-04-18 07:41:10.595876,2024-04-18 07:41:10.595876
207,2,205,1,1,195/197/205/207/,,"ir.actions.act_window,61","{""en_US"": ""Bank Accounts""}",t,2024-04-18 07:41:10.595876,2024-04-18 07:41:10.595876
208,10,1,1,1,1/208/,,,"{""en_US"": ""Gamification Tools""}",t,2024-04-18 07:41:11.133546,2024-04-18 07:41:11.133546
209,0,208,1,1,1/208/209/,,"ir.actions.act_window,270","{""en_US"": ""Challenges""}",t,2024-04-18 07:41:11.133546,2024-04-18 07:41:11.133546
210,10,208,1,1,1/208/210/,,"ir.actions.act_window,267","{""en_US"": ""Goals""}",t,2024-04-18 07:41:11.133546,2024-04-18 07:41:11.133546
211,20,208,1,1,1/208/211/,,"ir.actions.act_window,269","{""en_US"": ""Goal Definitions""}",t,2024-04-18 07:41:11.133546,2024-04-18 07:41:11.133546
212,30,208,1,1,1/208/212/,,"ir.actions.act_window,266","{""en_US"": ""Badges""}",t,2024-04-18 07:41:11.133546,2024-04-18 07:41:11.133546
213,40,208,1,1,1/208/213/,,"ir.actions.act_window,264","{""en_US"": ""Ranks""}",t,2024-04-18 07:41:11.133546,2024-04-18 07:41:11.133546
282,30,273,1,1,273/282/,,"ir.actions.client,397","{""en_US"": ""Registration Desk""}",t,2024-04-18 07:46:39.43159,2024-04-18 07:46:39.43159
214,50,208,1,1,1/208/214/,,"ir.actions.act_window,265","{""en_US"": ""Karma Tracking""}",t,2024-04-18 07:41:11.133546,2024-04-18 07:41:11.133546
443,4,174,1,1,170/174/443/,,"ir.actions.act_window,598","{""en_US"": ""Fees Terms""}",t,2024-04-18 07:57:33.94017,2024-04-18 07:57:33.94017
215,10,74,1,1,74/215/,,"ir.actions.act_window,273","{""en_US"": ""Link Tracker""}",t,2024-04-18 07:41:13.228849,2024-04-18 07:41:13.228849
283,0,276,1,1,273/276/283/,,"ir.actions.act_window,408","{""en_US"": ""Settings""}",t,2024-04-18 07:46:39.43159,2024-04-18 07:46:39.43159
216,30,88,1,1,1/8/88/216/,,"ir.actions.act_window,276","{""en_US"": ""Ratings""}",t,2024-04-18 07:41:13.778965,2024-04-18 07:41:13.778965
279,10,276,1,1,273/276/279/,,"ir.actions.act_window,389","{""en_US"": ""Mail Schedulers""}",t,2024-04-18 07:46:39.43159,2024-04-18 07:46:39.43159
217,130,,1,1,217/,"survey,static/description/icon.png",,"{""en_US"": ""Surveys""}",t,2024-04-18 07:41:14.668723,2024-04-18 07:41:14.668723
277,1,276,1,1,273/276/277/,,"ir.actions.act_window,396","{""en_US"": ""Event Templates""}",t,2024-04-18 07:46:39.43159,2024-04-18 07:46:39.43159
218,90,217,1,1,217/218/,,,"{""en_US"": ""Questions & Answers""}",t,2024-04-18 07:41:14.668723,2024-04-18 07:41:14.668723
274,1,273,1,1,273/274/,,"ir.actions.act_window,398","{""en_US"": ""Events""}",t,2024-04-18 07:46:39.43159,2024-04-18 07:46:39.43159
219,1,217,1,1,217/219/,,"ir.actions.act_window,278","{""en_US"": ""Surveys""}",t,2024-04-18 07:41:14.668723,2024-04-18 07:41:14.668723
278,2,276,1,1,273/276/278/,,"ir.actions.act_window,399","{""en_US"": ""Event Stages""}",t,2024-04-18 07:46:39.43159,2024-04-18 07:46:39.43159
220,1,217,1,1,217/220/,,"ir.actions.act_window,279","{""en_US"": ""Participations""}",t,2024-04-18 07:41:14.668723,2024-04-18 07:41:14.668723
280,3,276,1,1,273/276/280/,,"ir.actions.act_window,409","{""en_US"": ""Event Tags Categories""}",t,2024-04-18 07:46:39.43159,2024-04-18 07:46:39.43159
221,2,218,1,1,217/218/221/,,"ir.actions.act_window,281","{""en_US"": ""Questions""}",t,2024-04-18 07:41:14.668723,2024-04-18 07:41:14.668723
222,3,218,1,1,217/218/222/,,"ir.actions.act_window,282","{""en_US"": ""Suggested Values""}",t,2024-04-18 07:41:14.668723,2024-04-18 07:41:14.668723
284,55,,1,1,284/,"account,static/description/icon.png",,"{""en_US"": ""Invoicing""}",t,2024-04-18 07:46:48.92483,2024-04-18 07:46:48.92483
223,4,218,1,1,217/218/223/,,"ir.actions.act_window,280","{""en_US"": ""Detailed Answers""}",t,2024-04-18 07:41:14.668723,2024-04-18 07:41:14.668723
224,100,118,1,1,111/118/224/,,,"{""en_US"": ""Challenges""}",t,2024-04-18 07:41:16.983829,2024-04-18 07:41:16.983829
285,1,284,1,1,284/285/,,"ir.actions.act_window,484","{""en_US"": ""Dashboard""}",t,2024-04-18 07:46:48.92483,2024-04-18 07:46:48.92483
225,10,224,1,1,111/118/224/225/,,"ir.actions.act_window,266","{""en_US"": ""Badges""}",t,2024-04-18 07:41:16.983829,2024-04-18 07:41:16.983829
226,10,224,1,1,111/118/224/226/,,"ir.actions.act_window,286","{""en_US"": ""Challenges""}",t,2024-04-18 07:41:16.983829,2024-04-18 07:41:16.983829
227,10,224,1,1,111/118/224/227/,,"ir.actions.act_window,285","{""en_US"": ""Goals History""}",t,2024-04-18 07:41:16.983829,2024-04-18 07:41:16.983829
228,20,116,1,1,111/116/228/,,"ir.actions.act_window,287","{""en_US"": ""Certifications""}",t,2024-04-18 07:41:18.048211,2024-04-18 07:41:18.048211
229,115,,1,1,229/,"mass_mailing,static/description/icon.png",,"{""en_US"": ""Email Marketing""}",t,2024-04-18 07:41:18.402745,2024-04-18 07:41:18.402745
230,1,229,1,1,229/230/,,"ir.actions.act_window,301","{""en_US"": ""Mailings""}",t,2024-04-18 07:41:18.402745,2024-04-18 07:41:18.402745
231,2,229,1,1,229/231/,,,"{""en_US"": ""Mailing Lists""}",t,2024-04-18 07:41:18.402745,2024-04-18 07:41:18.402745
232,1,231,1,1,229/231/232/,,"ir.actions.act_window,300","{""en_US"": ""Mailing Lists""}",t,2024-04-18 07:41:18.402745,2024-04-18 07:41:18.402745
233,2,231,1,1,229/231/233/,,"ir.actions.act_window,299","{""en_US"": ""Mailing List Contacts""}",t,2024-04-18 07:41:18.402745,2024-04-18 07:41:18.402745
234,3,229,1,1,229/234/,,"ir.actions.act_window,308","{""en_US"": ""Campaigns""}",t,2024-04-18 07:41:18.402745,2024-04-18 07:41:18.402745
235,90,229,1,1,229/235/,,,"{""en_US"": ""Reporting""}",t,2024-04-18 07:41:18.402745,2024-04-18 07:41:18.402745
236,1,235,1,1,229/235/236/,,"ir.actions.act_window,295","{""en_US"": ""Mass Mailing Analysis""}",t,2024-04-18 07:41:18.402745,2024-04-18 07:41:18.402745
237,2,235,1,1,229/235/237/,,"ir.actions.act_window,305","{""en_US"": ""Optout""}",t,2024-04-18 07:41:18.402745,2024-04-18 07:41:18.402745
238,100,229,1,1,229/238/,,,"{""en_US"": ""Configuration""}",t,2024-04-18 07:41:18.402745,2024-04-18 07:41:18.402745
239,0,238,1,1,229/238/239/,,"ir.actions.act_window,307","{""en_US"": ""Settings""}",t,2024-04-18 07:41:18.402745,2024-04-18 07:41:18.402745
240,1,238,1,1,229/238/240/,,"ir.actions.act_window,97","{""en_US"": ""Campaign Stages""}",t,2024-04-18 07:41:18.402745,2024-04-18 07:41:18.402745
241,2,238,1,1,229/238/241/,,"ir.actions.act_window,98","{""en_US"": ""Campaign Tags""}",t,2024-04-18 07:41:18.402745,2024-04-18 07:41:18.402745
242,10,238,1,1,229/238/242/,,"ir.actions.act_window,273","{""en_US"": ""Link Tracker""}",t,2024-04-18 07:41:18.402745,2024-04-18 07:41:18.402745
243,20,238,1,1,229/238/243/,,"ir.actions.act_window,140","{""en_US"": ""Blacklisted Email Addresses""}",t,2024-04-18 07:41:18.402745,2024-04-18 07:41:18.402745
244,21,238,1,1,229/238/244/,,"ir.actions.act_window,306","{""en_US"": ""Optout Reasons""}",t,2024-04-18 07:41:18.402745,2024-04-18 07:41:18.402745
245,30,238,1,1,229/238/245/,,"ir.actions.act_window,296","{""en_US"": ""Favorite Filters""}",t,2024-04-18 07:41:18.402745,2024-04-18 07:41:18.402745
246,4,8,1,1,1/8/246/,,,"{""en_US"": ""Mass Mailing""}",t,2024-04-18 07:41:18.402745,2024-04-18 07:41:18.402745
247,2,246,1,1,1/8/246/247/,,"ir.actions.act_window,297","{""en_US"": ""Mailing Traces""}",t,2024-04-18 07:41:18.402745,2024-04-18 07:41:18.402745
248,70,,1,1,248/,"project,static/description/icon.png",,"{""en_US"": ""Project""}",t,2024-04-18 07:41:22.122125,2024-04-18 07:41:22.122125
249,1,248,1,1,248/249/,,"ir.actions.act_window,323","{""en_US"": ""Projects""}",t,2024-04-18 07:41:22.122125,2024-04-18 07:41:22.122125
250,1,248,1,1,248/250/,,"ir.actions.act_window,324","{""en_US"": ""Projects""}",t,2024-04-18 07:41:22.122125,2024-04-18 07:41:22.122125
251,2,248,1,1,248/251/,,,"{""en_US"": ""Tasks""}",t,2024-04-18 07:41:22.122125,2024-04-18 07:41:22.122125
252,1,251,1,1,248/251/252/,,"ir.actions.server,334","{""en_US"": ""My Tasks""}",t,2024-04-18 07:41:22.122125,2024-04-18 07:41:22.122125
253,2,251,1,1,248/251/253/,,"ir.actions.act_window,333","{""en_US"": ""All Tasks""}",t,2024-04-18 07:41:22.122125,2024-04-18 07:41:22.122125
254,99,248,1,1,248/254/,,,"{""en_US"": ""Reporting""}",t,2024-04-18 07:41:22.122125,2024-04-18 07:41:22.122125
255,10,254,1,1,248/254/255/,,"ir.actions.act_window,348","{""en_US"": ""Tasks Analysis""}",t,2024-04-18 07:41:22.122125,2024-04-18 07:41:22.122125
256,51,254,1,1,248/254/256/,,"ir.actions.act_window,312","{""en_US"": ""Customer Ratings""}",t,2024-04-18 07:41:22.122125,2024-04-18 07:41:22.122125
257,100,248,1,1,248/257/,,,"{""en_US"": ""Configuration""}",t,2024-04-18 07:41:22.122125,2024-04-18 07:41:22.122125
258,0,257,1,1,248/257/258/,,"ir.actions.act_window,342","{""en_US"": ""Settings""}",t,2024-04-18 07:41:22.122125,2024-04-18 07:41:22.122125
259,5,257,1,1,248/257/259/,,"ir.actions.act_window,326","{""en_US"": ""Projects""}",t,2024-04-18 07:41:22.122125,2024-04-18 07:41:22.122125
444,10,184,1,1,170/184/444/,,"ir.actions.act_window,597","{""en_US"": ""Fees Analysis""}",t,2024-04-18 07:57:33.94017,2024-04-18 07:57:33.94017
260,5,257,1,1,248/257/260/,,"ir.actions.act_window,325","{""en_US"": ""Projects""}",t,2024-04-18 07:41:22.122125,2024-04-18 07:41:22.122125
286,2,284,1,1,284/286/,,,"{""en_US"": ""Customers""}",t,2024-04-18 07:46:48.92483,2024-04-18 07:46:48.92483
261,9,257,1,1,248/257/261/,,"ir.actions.act_window,314","{""en_US"": ""Project Stages""}",t,2024-04-18 07:41:22.122125,2024-04-18 07:41:22.122125
262,10,257,1,1,248/257/262/,,"ir.actions.act_window,318","{""en_US"": ""Task Stages""}",t,2024-04-18 07:41:22.122125,2024-04-18 07:41:22.122125
287,1,286,1,1,284/286/287/,,"ir.actions.act_window,449","{""en_US"": ""Invoices""}",t,2024-04-18 07:46:48.92483,2024-04-18 07:46:48.92483
263,10,257,1,1,248/257/263/,,"ir.actions.act_window,341","{""en_US"": ""Tags""}",t,2024-04-18 07:41:22.122125,2024-04-18 07:41:22.122125
445,27,,1,1,445/,"tarcin_admission,static/description/icon.png",,"{""en_US"": ""Admissions""}",t,2024-04-18 07:57:36.231095,2024-04-18 07:57:36.231095
264,10,257,1,1,248/257/264/,,"ir.actions.act_window,345","{""en_US"": ""Activity Types""}",t,2024-04-18 07:41:22.122125,2024-04-18 07:41:22.122125
288,2,286,1,1,284/286/288/,,"ir.actions.act_window,450","{""en_US"": ""Credit Notes""}",t,2024-04-18 07:46:48.92483,2024-04-18 07:46:48.92483
265,10,257,1,1,248/257/265/,,"ir.actions.act_window,343","{""en_US"": ""Activity Plans""}",t,2024-04-18 07:41:22.122125,2024-04-18 07:41:22.122125
266,10,,1,1,266/,"project_todo,static/description/icon.png","ir.actions.server,353","{""en_US"": ""To-do""}",t,2024-04-18 07:41:27.909977,2024-04-18 07:41:27.909977
289,3,286,1,1,284/286/289/,,"ir.actions.act_window,455","{""en_US"": ""Receipts""}",t,2024-04-18 07:46:48.92483,2024-04-18 07:46:48.92483
267,25,151,1,1,146/147/151/267/,,"ir.actions.client,216","{""en_US"": ""Link Tracker""}",t,2024-04-18 07:41:28.867552,2024-04-18 07:41:28.867552
446,10,445,1,1,445/446/,,,"{""en_US"": ""Admissions""}",t,2024-04-18 07:57:36.231095,2024-04-18 07:57:36.231095
268,10,192,1,1,190/192/268/,,"ir.actions.act_window,356","{""en_US"": ""Activity Logs""}",t,2024-04-18 07:41:54.831853,2024-04-18 07:41:54.831853
290,10,286,1,1,284/286/290/,,"ir.actions.act_window,453","{""en_US"": ""Amounts to Settle""}",t,2024-04-18 07:46:48.92483,2024-04-18 07:46:48.92483
269,10,183,1,1,170/174/183/269/,,"ir.actions.act_window,357","{""en_US"": ""Activity Types""}",t,2024-04-18 07:41:54.831853,2024-04-18 07:41:54.831853
270,30,173,1,1,170/173/270/,,"ir.actions.act_window,355","{""en_US"": ""Student Migration""}",t,2024-04-18 07:41:54.831853,2024-04-18 07:41:54.831853
291,15,286,1,1,284/286/291/,,"ir.actions.act_window,425","{""en_US"": ""Payments""}",t,2024-04-18 07:46:48.92483,2024-04-18 07:46:48.92483
447,10,446,1,1,445/446/447/,,"ir.actions.act_window,600","{""en_US"": ""Admission Registers""}",t,2024-04-18 07:57:36.231095,2024-04-18 07:57:36.231095
292,100,286,1,1,284/286/292/,,"ir.actions.act_window,473","{""en_US"": ""Products""}",t,2024-04-18 07:46:48.92483,2024-04-18 07:46:48.92483
293,110,286,1,1,284/286/293/,,"ir.actions.act_window,482","{""en_US"": ""Customers""}",t,2024-04-18 07:46:48.92483,2024-04-18 07:46:48.92483
448,20,446,1,1,445/446/448/,,"ir.actions.act_window,601","{""en_US"": ""Applications""}",t,2024-04-18 07:57:36.231095,2024-04-18 07:57:36.231095
294,3,284,1,1,284/294/,,,"{""en_US"": ""Vendors""}",t,2024-04-18 07:46:48.92483,2024-04-18 07:46:48.92483
295,1,294,1,1,284/294/295/,,"ir.actions.act_window,451","{""en_US"": ""Bills""}",t,2024-04-18 07:46:48.92483,2024-04-18 07:46:48.92483
449,50,445,1,1,445/449/,,,"{""en_US"": ""Reports""}",t,2024-04-18 07:57:36.231095,2024-04-18 07:57:36.231095
296,2,294,1,1,284/294/296/,,"ir.actions.act_window,452","{""en_US"": ""Refunds""}",t,2024-04-18 07:46:48.92483,2024-04-18 07:46:48.92483
297,3,294,1,1,284/294/297/,,"ir.actions.act_window,456","{""en_US"": ""Receipts""}",t,2024-04-18 07:46:48.92483,2024-04-18 07:46:48.92483
450,30,449,1,1,445/449/450/,,"ir.actions.act_window,603","{""en_US"": ""Admission Report""}",t,2024-04-18 07:57:36.231095,2024-04-18 07:57:36.231095
298,10,294,1,1,284/294/298/,,"ir.actions.act_window,454","{""en_US"": ""Amounts to Settle""}",t,2024-04-18 07:46:48.92483,2024-04-18 07:46:48.92483
299,20,294,1,1,284/294/299/,,"ir.actions.act_window,426","{""en_US"": ""Payments""}",t,2024-04-18 07:46:48.92483,2024-04-18 07:46:48.92483
451,20,181,1,1,170/174/181/451/,,"ir.actions.act_window,604","{""en_US"": ""Facilities""}",t,2024-04-18 07:58:26.52607,2024-04-18 07:58:26.52607
300,80,294,1,1,284/294/300/,,"ir.actions.act_window,471","{""en_US"": ""Bank Accounts""}",t,2024-04-18 07:46:48.92483,2024-04-18 07:46:48.92483
301,100,294,1,1,284/294/301/,,"ir.actions.act_window,474","{""en_US"": ""Products""}",t,2024-04-18 07:46:48.92483,2024-04-18 07:46:48.92483
452,30,174,1,1,170/174/452/,,,"{""en_US"": ""Class Room Management""}",t,2024-04-18 07:58:28.113643,2024-04-18 07:58:28.113643
302,200,294,1,1,284/294/302/,,"ir.actions.act_window,483","{""en_US"": ""Vendors""}",t,2024-04-18 07:46:48.92483,2024-04-18 07:46:48.92483
303,4,284,1,1,284/303/,,,"{""en_US"": ""Accounting""}",t,2024-04-18 07:46:48.92483,2024-04-18 07:46:48.92483
453,10,452,1,1,170/174/452/453/,,"ir.actions.act_window,605","{""en_US"": ""Class Rooms""}",t,2024-04-18 07:58:28.113643,2024-04-18 07:58:28.113643
304,1,303,1,1,284/303/304/,,,"{""en_US"": ""Journals""}",t,2024-04-18 07:46:48.92483,2024-04-18 07:46:48.92483
305,1,304,1,1,284/303/304/305/,,"ir.actions.act_window,448","{""en_US"": ""Journal Entries""}",t,2024-04-18 07:46:48.92483,2024-04-18 07:46:48.92483
454,28,,1,1,454/,"tarcin_timetable,static/description/icon.png",,"{""en_US"": ""TimeTables""}",t,2024-04-18 07:58:28.826074,2024-04-18 07:58:28.826074
306,10,304,1,1,284/303/304/306/,,"ir.actions.act_window,447","{""en_US"": ""Journal Items""}",t,2024-04-18 07:46:48.92483,2024-04-18 07:46:48.92483
307,10,303,1,1,284/303/307/,,,"{""en_US"": ""Management""}",t,2024-04-18 07:46:48.92483,2024-04-18 07:46:48.92483
455,10,454,1,1,454/455/,,"ir.actions.act_window,606","{""en_US"": ""Timetable""}",t,2024-04-18 07:58:28.826074,2024-04-18 07:58:28.826074
308,50,307,1,1,284/303/307/308/,,"ir.actions.act_window,255","{""en_US"": ""Analytic Items""}",t,2024-04-18 07:46:48.92483,2024-04-18 07:46:48.92483
309,10,303,1,1,284/303/309/,,,"{""en_US"": ""Generate Entries""}",t,2024-04-18 07:46:48.92483,2024-04-18 07:46:48.92483
456,40,454,1,1,454/456/,,,"{""en_US"": ""Configuration""}",t,2024-04-18 07:58:28.826074,2024-04-18 07:58:28.826074
310,11,303,1,1,284/303/310/,,,"{""en_US"": ""Actions""}",t,2024-04-18 07:46:48.92483,2024-04-18 07:46:48.92483
457,20,456,1,1,454/456/457/,,"ir.actions.act_window,610","{""en_US"": ""Generate Timetable""}",t,2024-04-18 07:58:28.826074,2024-04-18 07:58:28.826074
458,30,456,1,1,454/456/458/,,"ir.actions.act_window,611","{""en_US"": ""Generate Timetable Report""}",t,2024-04-18 07:58:28.826074,2024-04-18 07:58:28.826074
459,29,,1,1,459/,"tarcin_attendance,static/description/icon.png",,"{""en_US"": "" Attendances""}",t,2024-04-18 07:58:30.524114,2024-04-18 07:58:30.524114
460,10,459,1,1,459/460/,,,"{""en_US"": ""Attendance""}",t,2024-04-18 07:58:30.524114,2024-04-18 07:58:30.524114
461,10,460,1,1,459/460/461/,,"ir.actions.act_window,614","{""en_US"": ""Registers""}",t,2024-04-18 07:58:30.524114,2024-04-18 07:58:30.524114
462,20,460,1,1,459/460/462/,,"ir.actions.act_window,615","{""en_US"": ""Sheets""}",t,2024-04-18 07:58:30.524114,2024-04-18 07:58:30.524114
313,1,312,1,1,284/311/312/313/,,"ir.actions.act_window,477","{""en_US"": ""Invoice Analysis""}",t,2024-04-18 07:46:48.92483,2024-04-18 07:46:48.92483
314,10,312,1,1,284/311/312/314/,,"ir.actions.act_window,475","{""en_US"": ""Analytic Reporting""}",t,2024-04-18 07:46:48.92483,2024-04-18 07:46:48.92483
463,30,460,1,1,459/460/463/,,"ir.actions.act_window,616","{""en_US"": ""Attendance Lines""}",t,2024-04-18 07:58:30.524114,2024-04-18 07:58:30.524114
315,1,311,1,1,284/311/315/,,,"{""en_US"": ""Statement Reports""}",t,2024-04-18 07:46:48.92483,2024-04-18 07:46:48.92483
316,35,284,1,1,284/316/,,,"{""en_US"": ""Configuration""}",t,2024-04-18 07:46:48.92483,2024-04-18 07:46:48.92483
464,40,459,1,1,459/464/,,,"{""en_US"": ""Configuration""}",t,2024-04-18 07:58:30.524114,2024-04-18 07:58:30.524114
317,0,316,1,1,284/316/317/,,"ir.actions.act_window,480","{""en_US"": ""Settings""}",t,2024-04-18 07:46:48.92483,2024-04-18 07:46:48.92483
318,1,316,1,1,284/316/318/,,,"{""en_US"": ""Invoicing""}",t,2024-04-18 07:46:48.92483,2024-04-18 07:46:48.92483
465,30,464,1,1,459/464/465/,,"ir.actions.act_window,617","{""en_US"": ""Attendance Type""}",t,2024-04-18 07:58:30.524114,2024-04-18 07:58:30.524114
319,1,318,1,1,284/316/318/319/,,"ir.actions.act_window,469","{""en_US"": ""Payment Terms""}",t,2024-04-18 07:46:48.92483,2024-04-18 07:46:48.92483
320,3,318,1,1,284/316/318/320/,,"ir.actions.act_window,487","{""en_US"": ""Incoterms""}",t,2024-04-18 07:46:48.92483,2024-04-18 07:46:48.92483
466,31,,1,1,466/,"tarcin_exam,static/description/icon.png",,"{""en_US"": ""Exams""}",t,2024-04-18 07:58:48.811597,2024-04-18 07:58:48.811597
321,2,316,1,1,284/316/321/,,,"{""en_US"": ""Banks""}",t,2024-04-18 07:46:48.92483,2024-04-18 07:46:48.92483
322,1,321,1,1,284/316/321/322/,,"ir.actions.server,470","{""en_US"": ""Add a Bank Account""}",t,2024-04-18 07:46:48.92483,2024-04-18 07:46:48.92483
467,10,466,1,1,466/467/,,,"{""en_US"": ""Exams""}",t,2024-04-18 07:58:48.811597,2024-04-18 07:58:48.811597
323,3,321,1,1,284/316/321/323/,,"ir.actions.act_window,466","{""en_US"": ""Reconciliation Models""}",t,2024-04-18 07:46:48.92483,2024-04-18 07:46:48.92483
324,3,316,1,1,284/316/324/,,,"{""en_US"": ""Accounting""}",t,2024-04-18 07:46:48.92483,2024-04-18 07:46:48.92483
325,1,324,1,1,284/316/324/325/,,"ir.actions.act_window,460","{""en_US"": ""Chart of Accounts""}",t,2024-04-18 07:46:48.92483,2024-04-18 07:46:48.92483
326,2,324,1,1,284/316/324/326/,,"ir.actions.act_window,467","{""en_US"": ""Taxes""}",t,2024-04-18 07:46:48.92483,2024-04-18 07:46:48.92483
327,3,324,1,1,284/316/324/327/,,"ir.actions.act_window,462","{""en_US"": ""Journals""}",t,2024-04-18 07:46:48.92483,2024-04-18 07:46:48.92483
328,4,324,1,1,284/316/324/328/,,,"{""en_US"": ""Reporting""}",t,2024-04-18 07:46:48.92483,2024-04-18 07:46:48.92483
329,4,324,1,1,284/316/324/329/,,"ir.actions.act_window,66","{""en_US"": ""Currencies""}",t,2024-04-18 07:46:48.92483,2024-04-18 07:46:48.92483
330,5,324,1,1,284/316/324/330/,,"ir.actions.act_window,481","{""en_US"": ""Fiscal Positions""}",t,2024-04-18 07:46:48.92483,2024-04-18 07:46:48.92483
331,7,324,1,1,284/316/324/331/,,"ir.actions.act_window,463","{""en_US"": ""Journal Groups""}",t,2024-04-18 07:46:48.92483,2024-04-18 07:46:48.92483
332,8,324,1,1,284/316/324/332/,,"ir.actions.act_window,468","{""en_US"": ""Tax Groups""}",t,2024-04-18 07:46:48.92483,2024-04-18 07:46:48.92483
333,4,316,1,1,284/316/333/,,,"{""en_US"": ""Online Payments""}",t,2024-04-18 07:46:48.92483,2024-04-18 07:46:48.92483
334,5,316,1,1,284/316/334/,,,"{""en_US"": ""Management""}",t,2024-04-18 07:46:48.92483,2024-04-18 07:46:48.92483
335,3,334,1,1,284/316/334/335/,,"ir.actions.act_window,369","{""en_US"": ""Product Categories""}",t,2024-04-18 07:46:48.92483,2024-04-18 07:46:48.92483
336,4,334,1,1,284/316/334/336/,,"ir.actions.act_window,478","{""en_US"": ""Cash Roundings""}",t,2024-04-18 07:46:48.92483,2024-04-18 07:46:48.92483
337,6,316,1,1,284/316/337/,,,"{""en_US"": ""Analytic Accounting""}",t,2024-04-18 07:46:48.92483,2024-04-18 07:46:48.92483
338,1,337,1,1,284/316/337/338/,,"ir.actions.act_window,259","{""en_US"": ""Analytic Distribution Models""}",t,2024-04-18 07:46:48.92483,2024-04-18 07:46:48.92483
339,1,337,1,1,284/316/337/339/,,"ir.actions.act_window,257","{""en_US"": ""Analytic Accounts""}",t,2024-04-18 07:46:48.92483,2024-04-18 07:46:48.92483
340,2,337,1,1,284/316/337/340/,,"ir.actions.act_window,258","{""en_US"": ""Analytic Plans""}",t,2024-04-18 07:46:48.92483,2024-04-18 07:46:48.92483
341,240,,1,1,341/,"im_livechat,static/description/icon.png",,"{""en_US"": ""Live Chat""}",t,2024-04-18 07:47:00.687459,2024-04-18 07:47:00.687459
342,5,341,1,1,341/342/,,"ir.actions.act_window,494","{""en_US"": ""Channels""}",t,2024-04-18 07:47:00.687459,2024-04-18 07:47:00.687459
343,50,341,1,1,341/343/,,,"{""en_US"": ""Report""}",t,2024-04-18 07:47:00.687459,2024-04-18 07:47:00.687459
344,5,343,1,1,341/343/344/,,"ir.actions.act_window,492","{""en_US"": ""Sessions History""}",t,2024-04-18 07:47:00.687459,2024-04-18 07:47:00.687459
345,40,343,1,1,341/343/345/,,"ir.actions.act_window,491","{""en_US"": ""Customer Ratings""}",t,2024-04-18 07:47:00.687459,2024-04-18 07:47:00.687459
346,55,341,1,1,341/346/,,,"{""en_US"": ""Configuration""}",t,2024-04-18 07:47:00.687459,2024-04-18 07:47:00.687459
347,15,346,1,1,341/346/347/,,"ir.actions.act_window,120","{""en_US"": ""Canned Responses""}",t,2024-04-18 07:47:00.687459,2024-04-18 07:47:00.687459
348,20,346,1,1,341/346/348/,,"ir.actions.act_window,489","{""en_US"": ""Chatbots""}",t,2024-04-18 07:47:00.687459,2024-04-18 07:47:00.687459
349,10,343,1,1,341/343/349/,,"ir.actions.act_window,495","{""en_US"": ""Session Statistics""}",t,2024-04-18 07:47:00.687459,2024-04-18 07:47:00.687459
350,10,343,1,1,341/343/350/,,"ir.actions.act_window,497","{""en_US"": ""Operator Analysis""}",t,2024-04-18 07:47:00.687459,2024-04-18 07:47:00.687459
351,10,333,1,1,284/316/333/351/,,"ir.actions.act_window,411","{""en_US"": ""Payment Providers""}",t,2024-04-18 07:47:04.324243,2024-04-18 07:47:04.324243
352,15,333,1,1,284/316/333/352/,,"ir.actions.act_window,412","{""en_US"": ""Payment Methods""}",t,2024-04-18 07:47:04.324243,2024-04-18 07:47:04.324243
353,20,333,1,1,284/316/333/353/,,"ir.actions.act_window,415","{""en_US"": ""Payment Tokens""}",t,2024-04-18 07:47:04.324243,2024-04-18 07:47:04.324243
354,25,333,1,1,284/316/333/354/,,"ir.actions.act_window,413","{""en_US"": ""Payment Transactions""}",t,2024-04-18 07:47:04.324243,2024-04-18 07:47:04.324243
355,15,341,1,1,341/355/,,"ir.actions.act_window,226","{""en_US"": ""Visitors""}",t,2024-04-18 07:47:10.923,2024-04-18 07:47:10.923
356,30,,1,1,356/,"sale_management,static/description/icon.png",,"{""en_US"": ""Sales""}",t,2024-04-18 07:47:12.503609,2024-04-18 07:47:23.340948
357,10,356,1,1,356/357/,,,"{""en_US"": ""Orders""}",t,2024-04-18 07:47:12.503609,2024-04-18 07:47:23.340948
358,10,357,1,1,356/357/358/,,"ir.actions.act_window,519","{""en_US"": ""Quotations""}",t,2024-04-18 07:47:12.503609,2024-04-18 07:47:23.340948
359,20,357,1,1,356/357/359/,,"ir.actions.act_window,518","{""en_US"": ""Orders""}",t,2024-04-18 07:47:12.503609,2024-04-18 07:47:23.340948
360,30,357,1,1,356/357/360/,,"ir.actions.act_window,384","{""en_US"": ""Sales Teams""}",t,2024-04-18 07:47:12.503609,2024-04-18 07:47:23.340948
361,40,357,1,1,356/357/361/,,"ir.actions.act_window,482","{""en_US"": ""Customers""}",t,2024-04-18 07:47:12.503609,2024-04-18 07:47:23.340948
468,10,467,1,1,466/467/468/,,"ir.actions.act_window,621","{""en_US"": ""Exam Sessions""}",t,2024-04-18 07:58:48.811597,2024-04-18 07:58:48.811597
469,20,467,1,1,466/467/469/,,"ir.actions.act_window,625","{""en_US"": ""Exams""}",t,2024-04-18 07:58:48.811597,2024-04-18 07:58:48.811597
470,30,467,1,1,466/467/470/,,"ir.actions.act_window,619","{""en_US"": ""Exam Attendees""}",t,2024-04-18 07:58:48.811597,2024-04-18 07:58:48.811597
471,70,467,1,1,466/467/471/,,"ir.actions.act_window,630","{""en_US"": ""Result Templates""}",t,2024-04-18 07:58:48.811597,2024-04-18 07:58:48.811597
472,100,467,1,1,466/467/472/,,"ir.actions.act_window,627","{""en_US"": ""Marksheet Registers""}",t,2024-04-18 07:58:48.811597,2024-04-18 07:58:48.811597
473,110,467,1,1,466/467/473/,,"ir.actions.act_window,626","{""en_US"": ""Marksheet Lines""}",t,2024-04-18 07:58:48.811597,2024-04-18 07:58:48.811597
474,120,467,1,1,466/467/474/,,"ir.actions.act_window,629","{""en_US"": ""Result Lines""}",t,2024-04-18 07:58:48.811597,2024-04-18 07:58:48.811597
475,20,466,1,1,466/475/,,,"{""en_US"": ""General""}",t,2024-04-18 07:58:48.811597,2024-04-18 07:58:48.811597
476,30,475,1,1,466/475/476/,,"ir.actions.act_window,633","{""en_US"": ""Student Hall Tickets""}",t,2024-04-18 07:58:48.811597,2024-04-18 07:58:48.811597
477,30,466,1,1,466/477/,,,"{""en_US"": ""Configuration""}",t,2024-04-18 07:58:48.811597,2024-04-18 07:58:48.811597
478,10,477,1,1,466/477/478/,,"ir.actions.act_window,622","{""en_US"": ""Exam Types""}",t,2024-04-18 07:58:48.811597,2024-04-18 07:58:48.811597
479,20,477,1,1,466/477/479/,,"ir.actions.act_window,620","{""en_US"": ""Exam Rooms""}",t,2024-04-18 07:58:48.811597,2024-04-18 07:58:48.811597
480,40,477,1,1,466/477/480/,,"ir.actions.act_window,628","{""en_US"": ""Grade Configuration""}",t,2024-04-18 07:58:48.811597,2024-04-18 07:58:48.811597
481,45,,1,1,481/,"tarcin_parent,static/description/icon.png",,"{""en_US"": ""Parents""}",t,2024-04-18 10:42:36.031591,2024-04-18 10:42:36.031591
482,10,481,1,1,481/482/,,"ir.actions.act_window,634","{""en_US"": ""Parents""}",t,2024-04-18 10:42:36.031591,2024-04-18 10:42:36.031591
483,20,481,1,1,481/483/,,"ir.actions.act_window,635","{""en_US"": ""Relationships""}",t,2024-04-18 10:42:36.031591,2024-04-18 10:42:36.031591
111,110,,1,1,111/,"hr,static/description/icon.png",,"{""en_US"": ""Human Resources""}",t,2024-04-18 07:40:41.811291,2024-04-18 10:42:36.031591
484,38,,1,1,484/,"tarcin_library,static/description/icon.png",,"{""en_US"": ""Library""}",t,2024-04-18 10:42:39.074562,2024-04-18 10:42:39.074562
485,20,484,1,1,484/485/,,,"{""en_US"": ""All Media""}",t,2024-04-18 10:42:39.074562,2024-04-18 10:42:39.074562
486,10,485,1,1,484/485/486/,,"ir.actions.act_window,644","{""en_US"": ""Media""}",t,2024-04-18 10:42:39.074562,2024-04-18 10:42:39.074562
392,99,276,1,1,273/276/392/,,"ir.actions.act_window,537","{""en_US"": ""Website Menus""}",t,2024-04-18 07:47:17.105443,2024-04-18 07:47:17.105443
393,40,150,1,1,146/147/150/393/,,"ir.actions.act_window,538","{""en_US"": ""Events""}",t,2024-04-18 07:47:17.105443,2024-04-18 07:47:17.105443
487,20,485,1,1,484/485/487/,,"ir.actions.act_window,645","{""en_US"": ""Media Units""}",t,2024-04-18 10:42:39.074562,2024-04-18 10:42:39.074562
394,4,377,1,1,356/374/377/394/,,"ir.actions.act_window,541","{""en_US"": ""Shipping Methods""}",t,2024-04-18 07:47:21.297424,2024-04-18 07:47:21.297424
395,1,377,1,1,356/374/377/395/,,"ir.actions.act_window,543","{""en_US"": ""Quotation Templates""}",t,2024-04-18 07:47:23.340948,2024-04-18 07:47:23.340948
362,20,356,1,1,356/362/,,,"{""en_US"": ""To Invoice""}",t,2024-04-18 07:47:12.503609,2024-04-18 07:47:23.340948
363,10,362,1,1,356/362/363/,,"ir.actions.act_window,521","{""en_US"": ""Orders to Invoice""}",t,2024-04-18 07:47:12.503609,2024-04-18 07:47:23.340948
364,20,362,1,1,356/362/364/,,"ir.actions.act_window,522","{""en_US"": ""Orders to Upsell""}",t,2024-04-18 07:47:12.503609,2024-04-18 07:47:23.340948
365,30,356,1,1,356/365/,,,"{""en_US"": ""Products""}",t,2024-04-18 07:47:12.503609,2024-04-18 07:47:23.340948
366,10,365,1,1,356/365/366/,,"ir.actions.act_window,532","{""en_US"": ""Products""}",t,2024-04-18 07:47:12.503609,2024-04-18 07:47:23.340948
367,20,365,1,1,356/365/367/,,"ir.actions.act_window,366","{""en_US"": ""Product Variants""}",t,2024-04-18 07:47:12.503609,2024-04-18 07:47:23.340948
368,30,365,1,1,356/365/368/,,"ir.actions.act_window,371","{""en_US"": ""Pricelists""}",t,2024-04-18 07:47:12.503609,2024-04-18 07:47:23.340948
369,40,356,1,1,356/369/,,,"{""en_US"": ""Reporting""}",t,2024-04-18 07:47:12.503609,2024-04-18 07:47:23.340948
370,10,369,1,1,356/369/370/,,"ir.actions.act_window,505","{""en_US"": ""Sales""}",t,2024-04-18 07:47:12.503609,2024-04-18 07:47:23.340948
371,20,369,1,1,356/369/371/,,"ir.actions.act_window,506","{""en_US"": ""Salespersons""}",t,2024-04-18 07:47:12.503609,2024-04-18 07:47:23.340948
372,30,369,1,1,356/369/372/,,"ir.actions.act_window,507","{""en_US"": ""Products""}",t,2024-04-18 07:47:12.503609,2024-04-18 07:47:23.340948
373,40,369,1,1,356/369/373/,,"ir.actions.act_window,508","{""en_US"": ""Customers""}",t,2024-04-18 07:47:12.503609,2024-04-18 07:47:23.340948
374,50,356,1,1,356/374/,,,"{""en_US"": ""Configuration""}",t,2024-04-18 07:47:12.503609,2024-04-18 07:47:23.340948
375,10,374,1,1,356/374/375/,,"ir.actions.act_window,516","{""en_US"": ""Settings""}",t,2024-04-18 07:47:12.503609,2024-04-18 07:47:23.340948
376,20,374,1,1,356/374/376/,,"ir.actions.act_window,386","{""en_US"": ""Sales Teams""}",t,2024-04-18 07:47:12.503609,2024-04-18 07:47:23.340948
377,30,374,1,1,356/374/377/,,,"{""en_US"": ""Sales Orders""}",t,2024-04-18 07:47:12.503609,2024-04-18 07:47:23.340948
378,10,377,1,1,356/374/377/378/,,"ir.actions.act_window,383","{""en_US"": ""Tags""}",t,2024-04-18 07:47:12.503609,2024-04-18 07:47:23.340948
379,40,374,1,1,356/374/379/,,,"{""en_US"": ""Products""}",t,2024-04-18 07:47:12.503609,2024-04-18 07:47:23.340948
380,10,379,1,1,356/374/379/380/,,"ir.actions.act_window,368","{""en_US"": ""Attributes""}",t,2024-04-18 07:47:12.503609,2024-04-18 07:47:23.340948
381,20,379,1,1,356/374/379/381/,,"ir.actions.act_window,369","{""en_US"": ""Product Categories""}",t,2024-04-18 07:47:12.503609,2024-04-18 07:47:23.340948
382,45,374,1,1,356/374/382/,,,"{""en_US"": ""Online Payments""}",t,2024-04-18 07:47:12.503609,2024-04-18 07:47:23.340948
488,30,485,1,1,484/485/488/,,"ir.actions.act_window,646","{""en_US"": ""Media Movements""}",t,2024-04-18 10:42:39.074562,2024-04-18 10:42:39.074562
489,40,485,1,1,484/485/489/,,"ir.actions.act_window,648","{""en_US"": ""Media Queue Requests""}",t,2024-04-18 10:42:39.074562,2024-04-18 10:42:39.074562
490,50,485,1,1,484/485/490/,,"ir.actions.act_window,647","{""en_US"": ""Media Purchase Requests""}",t,2024-04-18 10:42:39.074562,2024-04-18 10:42:39.074562
491,40,484,1,1,484/491/,,,"{""en_US"": ""Configuration""}",t,2024-04-18 10:42:39.074562,2024-04-18 10:42:39.074562
383,10,382,1,1,356/374/382/383/,,"ir.actions.act_window,411","{""en_US"": ""Payment Providers""}",t,2024-04-18 07:47:12.503609,2024-04-18 07:47:23.340948
384,20,382,1,1,356/374/382/384/,,"ir.actions.act_window,412","{""en_US"": ""Payment Methods""}",t,2024-04-18 07:47:12.503609,2024-04-18 07:47:23.340948
385,30,382,1,1,356/374/382/385/,,"ir.actions.act_window,415","{""en_US"": ""Payment Tokens""}",t,2024-04-18 07:47:12.503609,2024-04-18 07:47:23.340948
386,40,382,1,1,356/374/382/386/,,"ir.actions.act_window,413","{""en_US"": ""Payment Transactions""}",t,2024-04-18 07:47:12.503609,2024-04-18 07:47:23.340948
387,50,374,1,1,356/374/387/,,,"{""en_US"": ""Units of Measure""}",t,2024-04-18 07:47:12.503609,2024-04-18 07:47:23.340948
388,10,387,1,1,356/374/387/388/,,"ir.actions.act_window,252","{""en_US"": ""Units of Measure""}",t,2024-04-18 07:47:12.503609,2024-04-18 07:47:23.340948
389,20,387,1,1,356/374/387/389/,,"ir.actions.act_window,253","{""en_US"": ""Units of Measure Categories""}",t,2024-04-18 07:47:12.503609,2024-04-18 07:47:23.340948
390,60,374,1,1,356/374/390/,,"ir.actions.act_window,530","{""en_US"": ""Activity Types""}",t,2024-04-18 07:47:12.503609,2024-04-18 07:47:23.340948
391,70,374,1,1,356/374/391/,,"ir.actions.act_window,531","{""en_US"": ""Activity Plans""}",t,2024-04-18 07:47:12.503609,2024-04-18 07:47:23.340948
396,100,,1,1,396/,"website_slides,static/description/icon.png","ir.actions.act_window,554","{""en_US"": ""eLearning""}",t,2024-04-18 07:47:26.604362,2024-04-18 07:47:26.604362
492,10,491,1,1,484/491/492/,,"ir.actions.act_window,650","{""en_US"": ""Library Cards""}",t,2024-04-18 10:42:39.074562,2024-04-18 10:42:39.074562
397,1,396,1,1,396/397/,,,"{""en_US"": ""Courses""}",t,2024-04-18 07:47:26.604362,2024-04-18 07:47:26.604362
398,9,396,1,1,396/398/,,,"{""en_US"": ""Reporting""}",t,2024-04-18 07:47:26.604362,2024-04-18 07:47:26.604362
493,20,491,1,1,484/491/493/,,"ir.actions.act_window,652","{""en_US"": ""Publishers""}",t,2024-04-18 10:42:39.074562,2024-04-18 10:42:39.074562
399,99,396,1,1,396/399/,,,"{""en_US"": ""Configuration""}",t,2024-04-18 07:47:26.604362,2024-04-18 07:47:26.604362
400,1,397,1,1,396/397/400/,,"ir.actions.act_window,554","{""en_US"": ""Courses""}",t,2024-04-18 07:47:26.604362,2024-04-18 07:47:26.604362
494,30,491,1,1,484/491/494/,,"ir.actions.act_window,651","{""en_US"": ""Authors""}",t,2024-04-18 10:42:39.074562,2024-04-18 10:42:39.074562
401,2,397,1,1,396/397/401/,,"ir.actions.act_window,550","{""en_US"": ""Contents""}",t,2024-04-18 07:47:26.604362,2024-04-18 07:47:26.604362
402,1,398,1,1,396/398/402/,,"ir.actions.act_window,555","{""en_US"": ""Courses""}",t,2024-04-18 07:47:26.604362,2024-04-18 07:47:26.604362
403,2,398,1,1,396/398/403/,,"ir.actions.act_window,551","{""en_US"": ""Contents""}",t,2024-04-18 07:47:26.604362,2024-04-18 07:47:26.604362
404,5,398,1,1,396/398/404/,,"ir.actions.act_window,553","{""en_US"": ""Attendees""}",t,2024-04-18 07:47:26.604362,2024-04-18 07:47:26.604362
496,60,491,1,1,484/491/496/,,"ir.actions.act_window,649","{""en_US"": ""Library Card Types""}",t,2024-04-18 10:42:39.074562,2024-04-18 10:42:39.074562
405,10,398,1,1,396/398/405/,,"ir.actions.act_window,545","{""en_US"": ""Reviews""}",t,2024-04-18 07:47:26.604362,2024-04-18 07:47:26.604362
495,50,491,1,1,484/491/495/,,"ir.actions.act_window,654","{""en_US"": ""Media Type""}",t,2024-04-18 10:42:39.074562,2024-04-18 10:42:39.074562
406,15,398,1,1,396/398/406/,,"ir.actions.act_window,547","{""en_US"": ""Quizzes""}",t,2024-04-18 07:47:26.604362,2024-04-18 07:47:26.604362
407,1,399,1,1,396/399/407/,,"ir.actions.act_window,544","{""en_US"": ""Settings""}",t,2024-04-18 07:47:26.604362,2024-04-18 07:47:26.604362
408,2,399,1,1,396/399/408/,,"ir.actions.act_window,557","{""en_US"": ""Course Groups""}",t,2024-04-18 07:47:26.604362,2024-04-18 07:47:26.604362
409,3,399,1,1,396/399/409/,,"ir.actions.act_window,549","{""en_US"": ""Content Tags""}",t,2024-04-18 07:47:26.604362,2024-04-18 07:47:26.604362
410,50,150,1,1,146/147/150/410/,,"ir.actions.act_window,558","{""en_US"": ""Courses""}",t,2024-04-18 07:47:26.604362,2024-04-18 07:47:26.604362
411,5,275,1,1,273/275/411/,,"ir.actions.act_window,560","{""en_US"": ""Revenues""}",t,2024-04-18 07:47:31.08894,2024-04-18 07:47:31.08894
412,20,146,1,1,146/412/,,,"{""en_US"": ""eCommerce""}",t,2024-04-18 07:47:35.565337,2024-04-18 07:47:35.565337
413,2,412,1,1,146/412/413/,,,"{""en_US"": ""Orders""}",t,2024-04-18 07:47:35.565337,2024-04-18 07:47:35.565337
414,1,413,1,1,146/412/413/414/,,"ir.actions.act_window,575","{""en_US"": ""Orders""}",t,2024-04-18 07:47:35.565337,2024-04-18 07:47:35.565337
415,2,413,1,1,146/412/413/415/,,"ir.actions.act_window,579","{""en_US"": ""Unpaid Orders""}",t,2024-04-18 07:47:35.565337,2024-04-18 07:47:35.565337
416,3,413,1,1,146/412/413/416/,,"ir.actions.act_window,580","{""en_US"": ""Abandoned Carts""}",t,2024-04-18 07:47:35.565337,2024-04-18 07:47:35.565337
417,4,413,1,1,146/412/413/417/,,"ir.actions.act_window,56","{""en_US"": ""Customers""}",t,2024-04-18 07:47:35.565337,2024-04-18 07:47:35.565337
418,3,412,1,1,146/412/418/,,,"{""en_US"": ""Products""}",t,2024-04-18 07:47:35.565337,2024-04-18 07:47:35.565337
419,1,418,1,1,146/412/418/419/,,"ir.actions.act_window,573","{""en_US"": ""Products""}",t,2024-04-18 07:47:35.565337,2024-04-18 07:47:35.565337
420,3,418,1,1,146/412/418/420/,,"ir.actions.act_window,371","{""en_US"": ""Pricelists""}",t,2024-04-18 07:47:35.565337,2024-04-18 07:47:35.565337
421,4,418,1,1,146/412/418/421/,,"ir.actions.act_window,574","{""en_US"": ""eCommerce Categories""}",t,2024-04-18 07:47:35.565337,2024-04-18 07:47:35.565337
422,5,418,1,1,146/412/418/422/,,"ir.actions.act_window,368","{""en_US"": ""Attributes""}",t,2024-04-18 07:47:35.565337,2024-04-18 07:47:35.565337
423,10,418,1,1,146/412/418/423/,,"ir.actions.act_window,362","{""en_US"": ""Product Tags""}",t,2024-04-18 07:47:35.565337,2024-04-18 07:47:35.565337
424,50,163,1,1,146/163/424/,,,"{""en_US"": ""eCommerce""}",t,2024-04-18 07:47:35.565337,2024-04-18 07:47:35.565337
425,10,424,1,1,146/163/424/425/,,"ir.actions.act_window,411","{""en_US"": ""Payment Providers""}",t,2024-04-18 07:47:35.565337,2024-04-18 07:47:35.565337
426,20,424,1,1,146/163/424/426/,,"ir.actions.act_window,412","{""en_US"": ""Payment Methods""}",t,2024-04-18 07:47:35.565337,2024-04-18 07:47:35.565337
427,30,424,1,1,146/163/424/427/,,"ir.actions.act_window,415","{""en_US"": ""Payment Tokens""}",t,2024-04-18 07:47:35.565337,2024-04-18 07:47:35.565337
428,40,424,1,1,146/163/424/428/,,"ir.actions.act_window,413","{""en_US"": ""Payment Transactions""}",t,2024-04-18 07:47:35.565337,2024-04-18 07:47:35.565337
429,90,424,1,1,146/163/424/429/,,"ir.actions.act_window,541","{""en_US"": ""Shipping Methods""}",t,2024-04-18 07:47:35.565337,2024-04-18 07:47:35.565337
430,100,424,1,1,146/163/424/430/,,"ir.actions.act_window,542","{""en_US"": ""Zip Prefix""}",t,2024-04-18 07:47:35.565337,2024-04-18 07:47:35.565337
431,30,156,1,1,146/156/431/,,"ir.actions.act_window,571","{""en_US"": ""Online Sales""}",t,2024-04-18 07:47:35.565337,2024-04-18 07:47:35.565337
432,30,150,1,1,146/147/150/432/,,"ir.actions.act_window,584","{""en_US"": ""Products""}",t,2024-04-18 07:47:35.565337,2024-04-18 07:47:35.565337
433,3,397,1,1,396/397/433/,,"ir.actions.act_window,586","{""en_US"": ""Certifications""}",t,2024-04-18 07:47:41.587274,2024-04-18 07:47:41.587274
434,5,311,1,1,284/311/434/,,,"{""en_US"": ""India""}",t,2024-04-18 07:47:49.092537,2024-04-18 07:47:49.092537
435,2,434,1,1,284/311/434/435/,,"ir.actions.act_window,587","{""en_US"": ""Audit trail""}",t,2024-04-18 07:47:49.092537,2024-04-18 07:47:49.092537
